"","alpha","beta","eps","T1","L","M"
"y1...1",0.0879834982741999,1.03622765809571,0.00127,5,0.249824533537093,0.121798449240043
"y1...2",0.0542142178831807,0.682226498615134,0.00315,6.9,0.370592535654021,0.122848001963187
"y1...3",0.10931546371276,1.25331727672526,5e-05,4.2,0.204260806954946,0.118789318428421
"y1...4",0.172758649650588,2.12810075079476,0.00023,2.1,0.0984110426256167,0.0881881655137351
"y1...5",0.0824826617109321,1.00303748794338,0.00077,5.3,0.251327847242761,0.118302050419485
"y1...6",0.0967636717106488,1.12940486824941,0.00147,4.5,0.223503645915644,0.117768170633819
"y1...7",0.139600817089003,1.60780340052475,0.00031,3.1,0.146301656381356,0.105926361793973
"y1...8",0.0897341951737436,1.05884380885239,0.00082,5.1,0.245756885971981,0.122209354337383
"y1...9",0.0343341895911814,0.36321289425763,0.00705,10,0.870822086293953,0.176849979605657
"y1...10",0.039677996966835,0.458546547645889,0.01452,7,0.503498961165085,0.119225705290537
"y1...11",0.0722288067472655,0.744530632519541,0.00439,6.1,0.412075788618199,0.154037707499694
"y1...12",0.0780483355744524,0.906745431075826,0.01813,3.8,0.242593541159455,0.100561595045249
"y1...13",0.0996443758309238,1.21779802520186,0.02135,2.9,0.172231811079418,0.0897928422769078
"y1...14",0.137454984101932,1.75728567912619,0.00029,2.5,0.115804456708939,0.086767957186256
"y1...15",0.127682663393725,1.49371759460871,0.00044,3.5,0.159975137281756,0.108540192366702
"y1...16",0.111658380533045,1.38585739861775,9e-04,3.4,0.157147925350715,0.0975120979105123
"y1...17",0.0150647261735923,0.198603515952271,0.00906,14.4,1.06300363166148,0.123587250467506
"y1...18",0.0790731652080087,0.949849621773834,0.00157,5.3,0.26432825576093,0.118542334383002
"y1...19",0.030975053942948,0.352999705413706,0.0053,10.9,0.871313941942393,0.169329702137506
"y1...20",0.1063272752304,1.3233694214518,2e-05,4,0.173568945970968,0.104436462787409
"y1...21",0.093605339341142,1.11646727191694,0.00022,4.9,0.231029991087316,0.120375589593384
"y1...22",0.0467064637017444,0.603152058879363,0.00225,8.2,0.436570327836029,0.129440972619469
"y1...23",0.0656848101373542,0.850766354780551,0.00176,6.2,0.289708295386601,0.116342203945073
"y1...24",0.0414821817790426,0.490655669496587,0.01802,6.2,0.436619027140504,0.107563735863514
"y1...25",0.101193132900244,1.17421923695298,0.00045,4.6,0.219221203128898,0.119980360245351
"y1...26",0.0918288909636586,1.1972784417288,0.00043,4.5,0.187462156819975,0.102262198556452
"y1...27",0.12537697214969,1.6058517752225,0.00078,2.8,0.127575392107541,0.0888435044778028
"y1...28",0.156697709877989,1.73303521793413,0.00115,2.6,0.135951956755106,0.104542633635684
"y1...29",0.0940138287720123,1.17815982897931,0.00072,4.4,0.194325297495029,0.10485342527191
"y1...30",0.194229248135302,2.24716882497512,0.00183,1.9,0.0985940619878958,0.0925589079112413
"y1...31",0.0481183849847608,0.573802722290798,0.00405,7.9,0.48907108332419,0.141294474978728
"y1...32",0.115291008479436,1.46471187456744,0.00086,3.4,0.146496677628794,0.0957246806479354
"y1...33",0.157603300955555,1.84955736140867,0.00022,2.5,0.119980428702678,0.0969484714713803
"y1...34",0.0957742024369493,1.16863669501471,0.00114,4.1,0.194777440239331,0.104179528349349
"y1...35",0.11370954462018,1.31270114582399,0.00012,4.1,0.190849490752625,0.115546205786177
"y1...36",0.192961150409891,2.28627464896929,0.00014,1.9,0.0948111771047735,0.0903443820070712
"y1...37",0.0758955451585559,0.925102446049722,0.01323,4,0.231664628518464,0.0978858376420585
"y1...38",0.0800822301272516,0.952380308827264,0.01175,4.1,0.232657130703399,0.101949424744129
"y1...39",0.0921984012698514,0.998069496206591,0.00289,4.8,0.272935613979668,0.130356586925894
"y1...40",0.263247010944888,2.77427891316538,0.00214,1.5,0.0869500977950006,0.0988091988933353
"y1...41",0.0410326263199756,0.483557708470696,0.00439,8.8,0.593172597113021,0.148456725754863
"y1...42",0.0695319330614011,0.826888429271538,0.00156,6.3,0.33060976629674,0.13166007885273
"y1...43",0.0768148428884389,0.867155977630603,0.00222,5.7,0.322992729869454,0.135462258392274
"y1...44",0.0949180364275444,1.21594373201909,0.00085,4.2,0.182906168648013,0.101164350744189
"y1...45",0.076068226302848,0.805224969755097,0.00247,6.1,0.382273532086412,0.152347487866972
"y1...46",0.0976521011018512,1.20712052303496,0.00034,4.4,0.194083906911056,0.107483709522701
"y1...47",0.0837622576109193,0.999131911535851,0.00062,5.4,0.265067783958481,0.124964296112058
"y1...48",0.0633139983902174,0.776098181554564,0.00115,6.8,0.3499378528682,0.130999328731394
"y1...49",0.0714307712194261,0.815220049288989,0.00239,6.1,0.343146919792979,0.135963508696939
"y1...50",0.0358435655187838,0.540159924470622,0.00273,8.9,0.400850994260279,0.104216560707418
"y1...51",0.187574733966434,2.0524399897998,0.00085,2.2,0.114309225068898,0.102235330812096
"y1...52",0.0885988240821657,1.04654645380777,0.00042,5.2,0.253909106092244,0.125046286031802
"y1...53",0.100730123714873,1.11162330828658,0.00112,4.5,0.241930141583585,0.127011412424052
"y1...54",0.191592871677351,2.39703113466883,0.00203,1.8,0.0863360396350949,0.0842488319078457
"y1...55",0.129764515003289,1.57338049248628,3e-05,2.9,0.138286950265706,0.0959849067708557
"y1...56",0.145017447991699,1.91368667988173,0.0016,2.5,0.103524800086315,0.0847680981386736
"y1...57",0.140394909237152,1.68492747020868,2e-04,2.8,0.130568603066518,0.0970529793696577
"y1...58",0.106784956506381,1.26892788685738,0.00138,4,0.189043222716974,0.110161478262651
"y1...59",0.193520349347844,2.38591021800174,0.00372,1.7,0.0887985937056399,0.0842185364272407
"y1...60",0.106756540473197,1.21175156785832,0.00035,4.6,0.220549186760828,0.124863550719964
"y1...61",0.0677702318321887,0.760167217309982,0.00943,5.1,0.320934123375275,0.118155983062571
"y1...62",0.0654874695563048,0.937592915870225,0.02538,3.5,0.191649424719108,0.075285179057594
"y1...63",0.273233407291176,3.24439328277018,0.00811,1.3,0.0680803508429058,0.0855385160304607
"y1...64",0.053882214272285,0.681353493647817,0.01404,5.2,0.306424149568647,0.0987829421395972
"y1...65",0.13783230873363,1.64811147852749,0.00098,3,0.136172889167834,0.0999939123624391
"y1...66",0.140371297985044,1.63446530215691,0.00099,3,0.141055650613015,0.103231184423944
"y1...67",0.250387528708192,2.96823656481714,0.00745,1.4,0.0743257016998553,0.0862087717408759
"y1...68",0.0939285623120382,1.03463379091125,0.00168,4.9,0.268564849293482,0.132430047545184
"y1...69",0.175675027581605,2.13535419707301,0.00043,2,0.0993404754646058,0.0882193885668916
"y1...70",0.0302171012195581,0.35711212556086,0.00585,10.6,0.785745135821327,0.152394875952919
"y1...71",0.012227369063968,0.1425975907894,0.0108,16.7,1.52596572467496,0.143355677882618
"y1...72",0.0607924801072988,0.709991890329927,0.01592,4.8,0.309767277576306,0.104512551277754
"y1...73",0.0456114183039805,0.580238135820448,0.00417,7.7,0.434061486795154,0.124566412892231
"y1...74",0.145000519516204,1.81568342768617,0.00053,2.6,0.115201798461245,0.0907303601444516
"y1...75",0.0970425749538258,1.16690046599095,0.00011,4.8,0.216215303665847,0.117062647134268
"y1...76",0.184557435650733,2.57257941301617,0.00524,1.7,0.0734230930635811,0.0743769785064514
"y1...77",0.212149054328526,2.47806910978988,0.00398,1.7,0.0889090143720642,0.0899106196182744
"y1...78",0.125743948435394,1.4503649332849,0.001,3.5,0.166288018459181,0.109896045975349
"y1...79",0.0774483560093442,0.937916465330319,0.00043,5.7,0.280915142350945,0.124761371712418
"y1...80",0.0508552447084061,0.622674990512869,0.00459,7,0.407604879105456,0.125281434612691
"y1...81",0.0277565015735154,0.326209035213984,0.00589,11.4,0.892010668252427,0.160983790755569
"y1...82",0.0729746089656968,0.922154868397941,0.00056,6,0.278362898161254,0.120868182787174
"y1...83",0.0252718018834204,0.309576896391736,0.00752,11.1,0.811268999209552,0.138206813989548
"y1...84",0.161704525033735,2.0055774052601,0.00196,2.3,0.104191798938236,0.0893092202677165
"y1...85",0.0483141380404848,0.640856999381398,0.0036,7.2,0.369028790267581,0.114395869905973
"y1...86",0.147934403749374,1.86332801185994,0.00073,2.3,0.110387890259208,0.0866504095715267
"y1...87",0.0600831783829896,0.773917994034325,0.00244,6.4,0.315988173902865,0.116580444496367
"y1...88",0.155558250762311,1.93647414673499,0.00067,2.4,0.107848723498321,0.08972637132306
"y1...89",0.0953015492032349,1.40005340007152,4e-04,3.8,0.134365210609779,0.0826829758714852
"y1...90",0.126577759467047,1.46094410859552,0.00039,3.4,0.163208749414337,0.108342587972012
"y1...91",0.0245987435991371,0.32682505406295,0.00638,11.1,0.712709370232517,0.124037649071357
"y1...92",0.221879651063992,2.45163097976334,0.0012,1.7,0.0942731911994148,0.0954792038217154
"y1...93",0.0675348867924896,0.768341702651099,0.00158,6.8,0.390706223582233,0.147314539023083
"y1...94",0.166328612538707,2.00669195640285,0.00279,2.2,0.106552926670042,0.0908618279307678
"y1...95",0.146078648798856,1.90087173768489,0.00097,2.3,0.104998850698717,0.0837188419302673
"y1...96",0.0482317276282846,0.555126432584779,0.01508,6,0.414935856011023,0.115226020814953
"y1...97",0.0241668363094082,0.295508737529347,0.00629,12.1,0.909909071739431,0.149612828234486
"y1...98",0.103738787389805,1.29976232013408,5e-05,3.9,0.172558902213388,0.10170488272329
"y1...99",0.0190849711185371,0.21656036653318,0.00829,13.9,1.26840482333716,0.166555261443394
"y1...100",0.199596575093183,2.55193969557653,0.00159,1.7,0.0796956407026136,0.08170246310552
"y1...101",0.103264460620536,1.30719256908649,0.00038,3.8,0.167921657003087,0.0991074483917784
"y1...102",0.161770412820178,2.14709064340559,0.00054,2.1,0.0910707300191239,0.081077852035674
"y1...103",0.128690823800725,1.7702259396365,0.00073,2.6,0.107529590872783,0.0807654116457823
"y1...104",0.0863934743912125,1.34750390974747,0.00023,3.8,0.12977333766227,0.076022033814668
"y1...105",0.146574009349439,1.81565226132224,0.00229,2.5,0.115740319447956,0.0905905961304255
"y1...106",0.166890612613336,2.17441740565015,0.00092,2.1,0.0914201848024792,0.0829648881803475
"y1...107",0.171669554405848,2.13807331450758,0.00073,2,0.0970957783129288,0.085833674484319
"y1...108",0.0984007993310381,1.11753750922156,0.00062,4.6,0.23274746423322,0.122086446937285
"y1...109",0.0830115928934104,1.09540087686982,0.00061,4.8,0.201476013078023,0.100943413293072
"y1...110",0.166090842022777,1.91479604006141,0.00258,2.4,0.117455168851536,0.0980988055473934
"y1...111",0.168344561061924,2.15241462394701,0.00028,2,0.0941992409639626,0.0834074140732589
"y1...112",0.180736516437344,2.03683796244516,0.00045,2.3,0.112654068108694,0.100246498512941
"y1...113",0.113337622657425,1.28011791615519,0.00044,4.1,0.199428880358201,0.11836116333381
"y1...114",0.0681228328434565,0.824476419526312,0.01498,4.4,0.260300180564417,0.0993427298405812
"y1...115",0.111583179860674,1.43474042398138,0.00036,3.7,0.151743400854481,0.0976932463736699
"y1...116",0.13716279866608,1.67596415829886,9e-05,2.9,0.129930536072073,0.0962252706113635
"y1...117",0.121005119515405,1.57462434331712,0.00079,3.1,0.130623643904647,0.0904342763712942
"y1...118",0.0922830521189884,1.10083726842932,0.01561,3.4,0.197154089223648,0.0970276241565261
"y1...119",0.0330676798632257,0.398612837414489,0.01189,8.1,0.568793612378699,0.118913196648443
"y1...120",0.0423074542137751,0.505744272682907,0.01639,6.3,0.425215423652614,0.107436835207335
"y1...121",0.0788464465775646,0.921451384271941,0.00095,5.9,0.305787612761639,0.134712409252693
"y1...122",0.0778581766043464,0.963865337805049,0.0136,3.9,0.219250684689615,0.0957749081972991
"y1...123",0.145914019614154,1.89688647983591,0.00036,2.5,0.10594569059357,0.0861675145399901
"y1...124",0.0966899093452476,1.17550560807878,0.02153,3,0.17915969441855,0.0909030272388555
"y1...125",0.0863098632272603,1.03809099393824,0.01259,3.7,0.209797823351759,0.0986861468237533
"y1...126",0.0450929080206565,0.533186687934053,0.0114,6.6,0.433484161587464,0.1161169268865
"y1...127",0.0284605999372626,0.331518329484921,0.00628,11,0.862368539346856,0.158024132119341
"y1...128",0.0923144468741075,1.01371168443244,0.00147,5.1,0.276953019499959,0.134202998229915
"y1...129",0.18235549136389,2.1848319256032,0.00133,2.1,0.0983475350267955,0.0914261375745513
"y1...130",0.0443703988624847,0.492329450069727,0.01655,6.3,0.468092352645741,0.118054008166052
"y1...131",0.244369382482181,2.93124013373521,0.00342,1.4,0.0748174345600863,0.084979574495389
"y1...132",0.0452357921640628,0.571691703064874,0.0125,6.2,0.374719755848579,0.104576659269857
"y1...133",0.162305902663279,2.00543844355865,3e-05,2.3,0.104576765170378,0.0897047833297362
"y1...134",0.0358024420898312,0.487931907471918,0.01501,6.7,0.391958802650847,0.0930566599472622
"y1...135",0.0900759197937708,1.20488467828866,0.02898,2.7,0.161527107760918,0.0782107144859126
"y1...136",0.0654505538600446,0.809091059483707,0.0034,5.8,0.299118578171627,0.115369093431298
"y1...137",0.0706003413950341,0.960355434741065,0.0019,5,0.220086396370068,0.0969947674929911
"y1...138",0.117853848560946,1.3856279275381,0.00037,3.6,0.17060194858467,0.10765391661073
"y1...139",0.0622229881424781,0.736439647231587,0.01943,4.5,0.292823249040288,0.101197124038897
"y1...140",0.0625079433676663,0.823902851781259,3e-04,6.8,0.305673899208125,0.119028991380474
"y1...141",0.0887149554952388,0.995698177133172,0.01093,4,0.239737278252023,0.111498709835339
"y1...142",0.161158888914779,2.05117883252425,0.00192,2.3,0.0994451811551634,0.0869516896382506
"y1...143",0.0659244955815318,0.828537650779246,0.01309,4.6,0.253920407651547,0.097244109651576
"y1...144",0.0886435492349756,1.11020079166398,0.00098,4.7,0.212716635072099,0.109026758021469
"y1...145",0.0155640768041097,0.205962934563035,0.00683,15.4,1.15061589069942,0.13793870787583
"y1...146",0.139375698349244,1.61453194565042,0.00073,3,0.143275582858151,0.103653676262414
"y1...147",0.0543849480294264,0.721402258717836,0.00277,6.8,0.32729483619743,0.112704994134065
"y1...148",0.217957026718672,2.48069348464755,0.00142,1.8,0.0903695518299975,0.094143402048197
"y1...149",0.0387149422540676,0.504275595290797,0.00145,9.7,0.556960803235633,0.141255816024472
"y1...150",0.146394618340596,1.72907524332136,0.00019,2.9,0.131141743197386,0.100960426421121
"y1...151",0.0588586806705531,0.655343694319166,0.0158,5.2,0.36066269522472,0.11605404441528
"y1...152",0.140091263997404,1.70531216932768,0.00015,2.7,0.12631087252833,0.094199742737987
"y1...153",0.170422295091792,1.90577573870907,0.00033,2.5,0.122578096861158,0.103308463259157
"y1...154",0.0270841869597079,0.339834898492574,0.00549,11.3,0.791779251635062,0.144999247542184
"y1...155",0.125446581754646,1.39309975577476,0.01094,2.8,0.166255082331245,0.102522028379382
"y1...156",0.114547025159542,1.38488283849363,0.00019,3.7,0.167340790801556,0.105223531464819
"y1...157",0.0775951479495831,0.98102013721017,0.00183,5.1,0.237055147659958,0.108212572475571
"y1...158",0.174328918117016,1.98204693164364,0.00128,2.5,0.116435004585825,0.101944100001004
"y1...159",0.0180849182570469,0.22636781777465,0.00766,13.9,1.09005957714511,0.143417951349444
"y1...160",0.0513526222512169,0.636818448889127,0.01425,5.5,0.335833708825176,0.102790751714574
"y1...161",0.0863037974976063,1.12170651616677,0.00023,4.7,0.201798123362936,0.103724425914639
"y1...162",0.0380021345994683,0.5034802252057,0.0099,7.1,0.409771627187096,0.101594257448241
"y1...163",0.0665981755541856,0.83658062910647,0.01679,4.2,0.24592073612426,0.0938072785482489
"y1...164",0.034533197004862,0.390198255799782,0.00677,9.5,0.731981805696494,0.154562967939776
"y1...165",0.0891355941222365,1.00364610062435,0.01943,3.5,0.226069585131254,0.103165756256728
"y1...166",0.0440108286629449,0.522359984424479,0.0041,8.4,0.543684284736985,0.145065903444046
"y1...167",0.0983985230544711,1.18006303020473,0.00078,4.4,0.204526303857141,0.111473608774859
"y1...168",0.0330110498595047,0.385813418171467,0.00605,10,0.740765051133467,0.153662342330868
"y1...169",0.102799030692526,1.34538080507465,0.00104,3.8,0.15811761102397,0.0954279252924459
"y1...170",0.138823410762431,2.01157761292601,0.00165,2.2,0.0898685773777049,0.0736473012627384
"y1...171",0.244487053599641,3.10854232103983,0.00147,1.3,0.0684382139381561,0.0791080107861687
"y1...172",0.144546734155337,1.86771539073051,0.00075,2.5,0.108154068696076,0.0865740826517618
"y1...173",0.0909749624220181,1.10587917630346,0.00023,4.9,0.226962177288905,0.116783065351609
"y1...174",0.13016944503112,1.62094317525925,0.02381,2.2,0.129212648996479,0.0842086299385589
"y1...175",0.0846196259486681,1.04767627634704,0.00017,4.8,0.224517467574326,0.109138984430797
"y1...176",0.0117083176457358,0.124482067481749,0.0109,17.9,1.89473196610189,0.166797835930686
"y1...177",0.03220125193866,0.412368614928157,0.00539,9.6,0.601728382444771,0.128581973950801
"y1...178",0.127308411251478,1.54153481695115,0.00012,3,0.142157792819708,0.0971593970196118
"y1...179",0.078554763534108,0.951570786875351,0.00018,5.9,0.285609448403778,0.128652483384216
"y1...180",0.132519179945455,1.83868164585659,0.00015,2.5,0.102471195059927,0.0793977156502537
"y1...181",0.131079673951805,1.62186658212727,1e-04,2.9,0.131929990331291,0.0941650634050177
"y1...182",0.0371541658001532,0.452364095467847,0.00475,9.3,0.6135910676636,0.143927854406916
"y1...183",0.0752210198267001,0.863170085139907,0.01241,4.4,0.26676708710237,0.108201180730168
"y1...184",0.0503217071056362,0.536366635196574,0.0062,7.5,0.559060901011425,0.156426323632728
"y1...185",0.129654217130733,1.44358901230378,5e-05,3.5,0.173691373037337,0.115042252693172
"y1...186",0.0905332726047514,1.1456476555002,0.00015,4.9,0.210539768490111,0.111158996800493
"y1...187",0.135981176821891,1.61148943941692,0.00048,3.1,0.141582564049695,0.102187300995349
"y1...188",0.181848483562236,2.1007992927571,0.00076,2.2,0.106173348673798,0.0962973748716435
"y1...189",0.187495148006438,2.07190800006718,0.00238,2,0.111489152076134,0.0978451604954927
"y1...190",0.0668004633312789,0.870460044640784,0.01223,4.4,0.231902857644202,0.0917311058395569
"y1...191",0.106027258654157,1.27578530543019,0.00047,4.1,0.185561222364719,0.108437770816726
"y1...192",0.13355313371768,1.66774575143,0.00113,2.8,0.126512927133858,0.0922688597557235
"y1...193",0.096836199829263,1.22441709588287,0.00054,4.5,0.191500302364442,0.107320980766249
"y1...194",0.0775938324187821,0.991396617696043,0.00066,5.3,0.237852144093731,0.109667065259568
"y1...195",0.0243858567908704,0.27084357000669,0.0091,11.5,1.0064716057624,0.158628011289832
"y1...196",0.0787052242787439,0.919575477624985,0.00169,5.8,0.298198765411224,0.131007413682048
"y1...197",0.102051018730843,1.24760650195441,4e-05,4.3,0.192074657947489,0.11001682998148
"y1...198",0.0100452785139374,0.131368933642411,0.00876,19.3,1.56352157031441,0.132240596495223
"y1...199",0.15202617440909,1.81063480158115,0.00242,2.5,0.120570341132703,0.0948889517421695
"y1...200",0.141619906744861,1.77082050915613,0.00039,2.6,0.118043180489111,0.0904934727814886
"y1...201",0.0598714813139919,0.678845321417462,0.01006,5.5,0.358850608477267,0.119620200901988
"y1...202",0.0716627336321762,0.883822091146382,0.01446,4.2,0.240817641962838,0.09772527077799
"y1...203",0.0884045394525066,1.25942322890105,2e-04,4.2,0.157290489667759,0.0883222408516608
"y1...204",0.110953664375943,1.30004504627524,0.00031,4,0.188838067136512,0.112950161882518
"y1...205",0.119704597922722,1.44576984066412,0.00021,3.7,0.162116543462993,0.106342422618568
"y1...206",0.0921186589620898,1.21255981141862,0.00023,4.2,0.17755417787337,0.0974397836568743
"y1...207",0.108979959363249,1.35734974323184,0.00066,3.8,0.16617654762021,0.102101721934841
"y1...208",0.122333590519047,1.53331393266523,0.00046,3.2,0.14032658085705,0.09561569879278
"y1...209",0.100616649928149,1.36130354677929,0.00019,3.7,0.149379592481727,0.0904285588481437
"y1...210",0.147152803756336,1.93778915370113,0.00116,2.3,0.101852013443018,0.082829520923826
"y1...211",0.149608205631254,2.14267832704809,0.00121,2.1,0.0851830734483256,0.0743400203457618
"y1...212",0.169324746707754,1.99286963560234,0.00068,2.3,0.11023330824627,0.0948815184821714
"y1...213",0.0991405042069788,1.12535900519787,0.00169,4.5,0.231809212987664,0.122410498944244
"y1...214",0.0863574191118716,1.01931728406517,4e-04,5,0.25179447196835,0.120831805454613
"y1...215",0.115235228445933,1.41054023932269,0.00013,3.6,0.160791319330131,0.102474799196499
"y1...216",0.0831765263857018,0.865062071676247,0.00497,5.3,0.335229454707174,0.142320831594681
"y1...217",0.128886664278375,1.39600867912995,0.00086,3.5,0.183749736017785,0.118423384912587
"y1...218",0.033130709315702,0.380727061039113,0.01399,8,0.606466601611469,0.123438541082787
"y1...219",0.135500214574827,1.56325280595494,0.00017,3,0.147780398756303,0.103511626346437
"y1...220",0.14413712699834,1.86574805242407,0.00123,2.5,0.108073226990677,0.0863762194293932
"y1...221",0.144139812658504,1.73746028042997,1e-04,2.8,0.126566963585572,0.0970780805891815
"y1...222",0.0533501136615596,0.595213108196703,0.00245,8.1,0.544755279907225,0.16529364855227
"y1...223",0.103868953915739,1.25063037964542,0.02437,2.8,0.169955289654577,0.0906255798631687
"y1...224",0.09355790673652,1.17302167588486,0.00062,4.4,0.194827974356295,0.104671376454138
"y1...225",0.0459220405694234,0.558343668030073,0.01551,5.9,0.384692172951081,0.105443227205116
"y1...226",0.0264793935537097,0.319182043284401,0.00511,11.9,0.909022424650943,0.16003517531645
"y1...227",0.0215873840929168,0.275750579475249,0.00705,12.3,0.887821364739056,0.13602773936345
"y1...228",0.0970740344336392,1.1500859922607,0.00071,4.8,0.222475861112156,0.119151910482555
"y1...229",0.0835068255196578,0.96682517710846,0.00123,5.2,0.273923813462153,0.125848177949808
"y1...230",0.0172112793720877,0.206122457394932,0.00896,14,1.17967517736814,0.146098565846269
"y1...231",0.0527358633122953,0.614535794402383,0.00328,7.6,0.466659782767975,0.143832553589396
"y1...232",0.020652023775619,0.233628534925889,0.00894,12.9,1.14873781791046,0.160153035775798
"y1...233",0.111390910278603,1.38825956929169,6e-05,3.8,0.163215370320032,0.102508844883628
"y1...234",0.108668225486081,1.51951213735316,0.00012,3.4,0.127948731757392,0.0852860455441632
"y1...235",0.123795568903468,1.45363881066855,0.01532,2.6,0.150467071370574,0.0937787572951978
"y1...236",0.0532393138564708,0.649173697558921,0.00885,5.9,0.353325626801524,0.111599802531153
"y1...237",0.0860424889649276,0.924621108223418,0.00329,5.3,0.309566435926969,0.138676217323841
"y1...238",0.0477244922237819,0.554282240572323,0.0051,7.7,0.502623439999095,0.141660508290059
"y1...239",0.0876285425976086,1.11065186529456,0.00043,4.9,0.21466236942916,0.110036101173361
"y1...240",0.126142016616575,1.43532301874639,0.00061,3.4,0.168099134319482,0.10995259364046
"y1...241",0.0493062447680865,0.577200212267132,0.00258,8.1,0.513600762112437,0.149929922346172
"y1...242",0.0653296911545223,0.749461088886579,0.01184,4.9,0.311903534799924,0.112315815019349
"y1...243",0.148621346160112,1.68402192492223,0.00017,2.7,0.137265761078333,0.102556783305773
"y1...244",0.0430292434430036,0.59033767883024,0.01774,5.5,0.315405673873157,0.0869802296921421
"y1...245",0.0895052547896485,1.03654361595838,7e-05,5.2,0.262144909917741,0.12845723916785
"y1...246",0.20361201514033,2.06388686273517,0.00126,2.1,0.121447623326949,0.109996474030434
"y1...247",0.0871753606459885,1.04694022543873,0.01686,3.5,0.205405702294794,0.0962979544494157
"y1...248",0.112926878675544,1.29778220260216,0.00051,4,0.193464408183634,0.115951396862707
"y1...249",0.0102038181943928,0.138007578209012,0.008,19.2,1.48282109996654,0.128666850226109
"y1...250",0.0584226675064869,0.690278143431817,0.00271,7,0.406674427044401,0.13828023739888
"y1...251",0.0416343733794734,0.474135846900064,0.00614,8.4,0.597701656027721,0.148194441390977
"y1...252",0.064925970838684,0.812359102490489,0.0135,4.5,0.258641514442076,0.0972084593965916
"y1...253",0.0997649226123699,1.35928914825383,0.00068,3.5,0.145745880716356,0.0873730319203098
"y1...254",0.102586079680797,1.17931189293675,0.01426,3.2,0.190419057401436,0.100414973471398
"y1...255",0.104749871578991,1.33306832750714,0.00031,3.9,0.166247132057536,0.100156917702149
"y1...256",0.043986693031846,0.58115644435212,0.00332,8,0.425383009778585,0.121319569170048
"y1...257",0.111183473191439,1.3611797055507,0.00054,3.8,0.169135428834077,0.104540437076695
"y1...258",0.0880495408049867,0.94335616116039,0.00182,5.4,0.316174179855565,0.144560775298966
"y1...259",0.145500674596475,1.80816749616465,0.00058,2.5,0.115826196185985,0.0901797168992308
"y1...260",0.0354775030529973,0.418234814918885,0.00563,9.5,0.675054847914265,0.149409220624886
"y1...261",0.138903835423353,1.70983690964726,0.00023,2.8,0.125594196710257,0.0943316373116644
"y1...262",0.147415563061933,1.72778763052989,0.00037,2.8,0.130937402693446,0.10039871522123
"y1...263",0.093711455302789,1.13435769143324,0.00015,4.9,0.224308966408891,0.118296084647924
"y1...264",0.0700709714160922,0.966491813707275,0.00082,5.4,0.224718747407759,0.0998546665869233
"y1...265",0.127047417978862,1.44374255259642,0.00039,3.6,0.171919865303256,0.113677147044568
"y1...266",0.17566953712221,2.30179841687419,0.00198,1.9,0.0861542941271336,0.0807491856327427
"y1...267",0.186522103418253,2.29793488936193,2e-05,1.9,0.0911065291129676,0.0865177618277146
"y1...268",0.094015462317754,1.28113454578242,0.00115,3.7,0.155662244262263,0.0884803211884361
"y1...269",0.0605781490915753,0.709856422052472,0.02064,4.6,0.303020849877536,0.101175020321783
"y1...270",0.150201585892922,2.07399013361212,0.00099,2.1,0.0911844292103255,0.0771155901972194
"y1...271",0.124248986476849,1.49147648211843,0.00143,3.2,0.150367449105584,0.100444329372783
"y1...272",0.132710349944584,1.66675092775211,0.00099,2.8,0.125845314695344,0.091615537628218
"y1...273",0.0380271031415336,0.513542534574366,0.01686,6.2,0.368860891677465,0.0910986155154415
"y1...274",0.104092067353071,1.22118470831619,0.00102,4.3,0.205007007661944,0.115944409375494
"y1...275",0.167608770364117,2.2130084774912,0.00118,1.9,0.0894306938290553,0.0796010662108663
"y1...276",0.0459290586955552,0.514198504440212,0.01576,6.2,0.454360204839305,0.118968120958394
"y1...277",0.0297304750319029,0.387445364235884,0.00397,10.8,0.685420092446436,0.13868191617726
"y1...278",0.121932304761399,1.55168559192391,5e-05,3.2,0.136690209183266,0.0940097359033606
"y1...279",0.0831628941056387,1.00407778982803,0.01721,3.6,0.212766553629275,0.0959130948413167
"y1...280",0.090888962296921,1.06785936397937,4e-05,4.9,0.242526420960197,0.121565750139125
"y1...281",0.0934372121936707,1.11460691890243,3e-05,4.6,0.219637399149877,0.113795266336493
"y1...282",0.202274976221085,2.69665235687031,0.00485,1.5,0.0747812366224319,0.0762504702392752
"y1...283",0.0537113828870584,0.682387371798468,0.01682,5,0.299064002775047,0.0957580434527198
"y1...284",0.0921085782826321,1.16611416064676,0.00024,4.7,0.202813906574483,0.108696928436918
"y1...285",0.102097712868519,1.3372797900993,0.00116,3.6,0.155560166741371,0.0927684276910263
"y1...286",0.0843711981704119,1.03328152870268,0.00068,5.2,0.24430016958496,0.118062919349571
"y1...287",0.119601412771098,1.45836900296454,0.00147,3.4,0.153791879142875,0.100836733077364
"y1...288",0.112631045093296,1.2924323929013,0.00128,3.9,0.191856823470304,0.11437411999882
"y1...289",0.0396131515327794,0.502291664891466,0.00486,8.5,0.508348035822624,0.128910715747866
"y1...290",0.168252731623042,1.99813909661577,4e-04,2.2,0.108581709999955,0.092475285340967
"y1...291",0.130906051576109,1.53806867530847,0.00111,3.2,0.150094067715314,0.103882071239336
"y1...292",0.0236412664254608,0.288902082316733,0.00551,12.6,0.962357247027762,0.155489549916803
"y1...293",0.14941214561705,1.94129321945215,0.00093,2.3,0.10295090939797,0.0841547231753526
"y1...294",0.0850238188419666,1.17705393219311,0.01807,3.1,0.159477831348712,0.0789164557342154
"y1...295",0.116300440914952,1.44666616225804,0.00094,3.2,0.14847703933803,0.0954195080343792
"y1...296",0.157997619562404,1.96158907693043,0.00044,2.3,0.106355866789972,0.0888829809780982
"y1...297",0.166931540693162,2.14048132330715,0.00066,2.1,0.094291780414603,0.0842982300476354
"y1...298",0.126814264046185,1.53618810475246,0.00086,3.2,0.145353469236073,0.0998838839867188
"y1...299",0.0193005694219713,0.233440255362576,0.0076,13.6,1.10334149943815,0.150458648970421
"y1...300",0.0184201625934042,0.232172659545534,0.01785,10.3,0.77345779503525,0.101602803334381
"y1...301",0.147618575725474,1.80445655128387,0.00141,2.5,0.117924390263046,0.0919346116885831
"y1...302",0.041716159619502,0.530719689544537,0.01871,5.8,0.369700705785112,0.0945469266979579
"y1...303",0.0599959688987756,0.691736178803723,0.00188,7.2,0.431562666650239,0.147953761856305
"y1...304",0.185882528612313,2.27093815288579,0.00242,2,0.0927663801264601,0.0885483376233703
"y1...305",0.156366023319174,1.91610792295042,0.00033,2.4,0.11061109499209,0.0912529110444641
"y1...306",0.0691795217789305,0.875116700002129,0.013,4.3,0.238283743891842,0.0955133456624375
"y1...307",0.0786184885652395,0.862333988031902,0.00173,6,0.351142978429752,0.147674627992482
"y1...308",0.137939839944856,1.82250642864648,0.00144,2.5,0.108342827194996,0.0839825271534171
"y1...309",0.24217301234351,3.14823717505273,0.0021,1.3,0.066187924681707,0.077393594459576
"y1...310",0.115913356676455,1.35245382613321,0.00039,3.8,0.179679746531781,0.111366906337363
"y1...311",0.0918915553608393,1.14929160566626,0.00021,4.8,0.208012423906956,0.110204620259813
"y1...312",0.092064284105596,1.12884072729912,0.00029,4.8,0.215866262530258,0.112857303928503
"y1...313",0.124309237285926,1.6700666869339,0.00096,2.9,0.118118690286007,0.0855654986819824
"y1...314",0.0381027560626384,0.453407568113275,0.0141,7.1,0.488628862129649,0.113502622585872
"y1...315",0.0232748044692599,0.311447157574006,0.00571,11.9,0.778242105825306,0.130086620768054
"y1...316",0.10679957394583,1.39303587109394,0.00072,3.6,0.151231289329678,0.0940628735470867
"y1...317",0.0245095548795902,0.306691132314983,0.00628,11.8,0.855231592670342,0.143956202603945
"y1...318",0.0796037013966967,0.925490275513523,0.01433,4,0.243176457998996,0.10410498161145
"y1...319",0.222492893595182,2.55236941165759,0.00342,1.6,0.0882141673017525,0.0905568158327579
"y1...320",0.0806546615541971,1.01942548773679,0.00022,5.4,0.242557431396499,0.115208156396417
"y1...321",0.0249419941428859,0.31159255513849,0.00642,11.6,0.828877613994096,0.141348673551994
"y1...322",0.15076682825309,1.91195129922095,3e-04,2.4,0.107227840709771,0.087602318332523
"y1...323",0.012162945507545,0.165866520083675,0.00764,17.3,1.28411538718498,0.128256350448597
"y1...324",0.122387433417066,1.54572233195045,3e-04,3.1,0.136953819212289,0.0935475907174031
"y1...325",0.0776882112356839,1.02458828368802,0.00075,5.2,0.223518658809065,0.105661787845752
"y1...326",0.132445381703372,1.6475657174259,0.00036,3,0.130609063252978,0.0951542511836041
"y1...327",0.0929692394717907,1.05727129690294,0.00145,4.8,0.247591678841701,0.123517625246409
"y1...328",0.0194939602963868,0.234465753437294,0.00791,13.4,1.10159873118578,0.151009874520464
"y1...329",0.0969705580930953,1.07975891790958,0.00128,4.5,0.243919973398803,0.124362444097939
"y1...330",0.0374753257519132,0.450207565369276,0.00514,9.1,0.61248525224032,0.14349765415371
"y1...331",0.146090493108846,1.79008991204852,0.00196,2.5,0.118529174535046,0.0915413112221794
"y1...332",0.205097515594001,2.58063325026407,0.00121,1.6,0.0808361394900538,0.0819793507211986
"y1...333",0.0973194118556756,1.21245646151866,2e-04,4.6,0.196389297536483,0.109329590493472
"y1...334",0.126036716814087,1.50271899314745,0.00174,3.1,0.149000189320279,0.0999964379916002
"y1...335",0.14616351475348,1.73188714937301,0.00116,2.7,0.128029153405704,0.0976213797022043
"y1...336",0.108737543050285,1.32202166699137,0.00039,4,0.178563741854222,0.107798418580052
"y1...337",0.167306837846747,1.90250102052603,0.00094,2.3,0.119013546549463,0.0980142924681554
"y1...338",0.0452327690624372,0.502570863194775,0.00567,8.1,0.584098422162127,0.153150329816102
"y1...339",0.0474579604726661,0.627037411128484,0.01209,5.8,0.321893838563648,0.0958740388746974
"y1...340",0.0693977988639526,0.783921210797122,0.01557,4.5,0.295182293985266,0.110095933936936
"y1...341",0.0943616854959352,1.05892391497308,0.00065,4.9,0.258471355989179,0.129733701570403
"y1...342",0.0233483110959076,0.254456440416103,0.00876,12.2,1.1234185021464,0.169691933608455
"y1...343",0.0691158731766244,0.746657445784471,0.00493,6,0.386717449361773,0.143301178569184
"y1...344",0.0488049799895306,0.537183053285115,0.00481,8,0.570460701526682,0.158814084072896
"y1...345",0.0852441045790523,1.03906395411608,0.0145,3.6,0.205159367320166,0.095679761698496
"y1...346",0.147596343866857,1.88652657697618,0.00173,2.5,0.108285406396181,0.087841367626798
"y1...347",0.0748797219401447,0.888677612504981,0.00205,5.7,0.298084948955954,0.126498678691955
"y1...348",0.0966149399237497,1.18190122766964,0.00037,4.5,0.204498885509914,0.111489000895023
"y1...349",0.122052163746991,1.46386559056938,0.00053,3.4,0.156155654270716,0.103099533958168
"y1...350",0.149031877298674,1.63423976925261,0.00192,2.8,0.147028944507605,0.107857733444107
"y1...351",0.0204756060809907,0.257042093558211,0.00707,13,0.984947758241765,0.143407623597202
"y1...352",0.11965557390403,1.45506521343475,0.00062,3.6,0.158129108833112,0.104043899328239
"y1...353",0.0502372543201352,0.584330040976833,0.00349,7.9,0.502998779304208,0.14856982237388
"y1...354",0.0712694359116778,0.809782738347513,0.00948,4.8,0.293809756011146,0.113694667011037
"y1...355",0.0989876046001871,1.10744805745812,0.01458,3.4,0.209083986439405,0.105353211391173
"y1...356",0.157589574886216,1.91641896977975,0.00034,2.4,0.111415732064741,0.0920833073237143
"y1...357",0.0508244285564351,0.637065147133021,0.00133,8.2,0.444398519921747,0.139271706390426
"y1...358",0.116996729014144,1.46937011851205,0.00046,3.5,0.149577332669567,0.0985535012842056
"y1...359",0.0564455735162078,0.606692327372024,0.00599,6.8,0.472494205889076,0.14629954458143
"y1...360",0.0644698462570555,0.860697234851586,0.01473,4.3,0.228059373944139,0.0885898983599518
"y1...361",0.095688967210208,1.21976424194313,0.00062,4.3,0.185675922931877,0.103269763471293
"y1...362",0.11461969649615,1.34221862723287,0.0012,3.8,0.179938247673286,0.110629932755927
"y1...363",0.154701304141221,2.02698584589971,0.00094,2.3,0.0978452052742596,0.0839017133597073
"y1...364",0.0875757192490675,1.13419069182344,0.0243,3,0.174992051706891,0.0835128424458489
"y1...365",0.00483248639167615,0.0593147481427954,0.01053,27.1,2.25905629475779,0.10800178797592
"y1...366",0.11564012343197,1.37530584038529,0.00025,3.6,0.16937416628827,0.105856425766973
"y1...367",0.0762905710942388,0.884231308777552,0.00087,6.2,0.329796574391397,0.140335761294069
"y1...368",0.0401043513199213,0.491382745307629,0.00367,9,0.570199461249743,0.143339262819058
"y1...369",0.0408058206366842,0.519099332510335,0.01615,6.2,0.391547538321878,0.0995021420207278
"y1...370",0.14686388530711,1.85763624534415,0.00093,2.6,0.111687090704644,0.0899825042548444
"y1...371",0.166534902062796,2.00838772739312,0.00217,2.1,0.106426512380779,0.089513556212054
"y1...372",0.0137913970763151,0.172145854846205,0.00717,17.1,1.45676786124141,0.154757982961211
"y1...373",0.0609615197629491,0.713390952493995,0.00186,7.2,0.416140547588709,0.146141836204479
"y1...374",0.0706158641076352,0.874261992409783,0.01595,4.1,0.23782202520273,0.0943107199972119
"y1...375",0.0675319221946799,0.805174076398663,0.01911,4.2,0.266367376973674,0.0991263215984979
"y1...376",0.124002878650922,1.51870168231018,0.00056,3.2,0.144999772083591,0.0982753723629311
"y1...377",0.148808512265408,1.88899733847351,0.00213,2.4,0.108377788172951,0.0873255713911947
"y1...378",0.0539135999562761,0.621077293712335,0.01167,5.7,0.378286564094465,0.115951832850832
"y1...379",0.0420288893718938,0.489534194978519,0.00435,8.8,0.600838948953956,0.152453060386755
"y1...380",0.099199827065641,1.2367116058387,0.00025,4,0.182234298398145,0.102608413400693
"y1...381",0.0420654646112985,0.482280876135867,0.01799,6.3,0.455572198657661,0.111535302845687
"y1...382",0.0246698054960346,0.306684290090025,0.00457,12.6,0.928436364114036,0.156805961278792
"y1...383",0.121261430771729,1.35805063328981,0.00116,3.8,0.18790138115974,0.11785040695674
"y1...384",0.184191538814382,2.32366586858371,0.00162,1.8,0.0887764868006259,0.083091309213001
"y1...385",0.0295687068946682,0.364380138901011,0.00575,10.6,0.734728840813696,0.14319350070316
"y1...386",0.0863565343693202,0.993081817702546,0.00859,4.1,0.233965967798895,0.107875697918259
"y1...387",0.264872157441921,3.19303634648535,0.00223,1.3,0.068701473746972,0.0840019302177603
"y1...388",0.0784766708625856,0.929157695794423,0.01482,4,0.237950377145103,0.101784286226807
"y1...389",0.0799981052397172,0.950844385069634,0.0177,3.7,0.22708357354937,0.0976846062227765
"y1...390",0.112572618964621,1.46579284290964,0.00039,3.3,0.141184166353023,0.0915481042068975
"y1...391",0.0274438920479172,0.359792733171653,0.00615,10.5,0.673393348275527,0.127534301300182
"y1...392",0.139012005257299,1.69102172633436,0.00114,2.9,0.129541364655482,0.0969174261573811
"y1...393",0.0352400597866164,0.459687350915109,0.0149,7,0.436308482021533,0.0998149648421315
"y1...394",0.100625436530528,1.13544104610863,0.00167,4.5,0.232119307758409,0.123757550585102
"y1...395",0.149142639228338,1.86837336723609,0.00045,2.5,0.111452586127921,0.0898232235864946
"y1...396",0.0475749777926147,0.602419318583098,0.00224,8.3,0.460006040024146,0.136935352547906
"y1...397",0.0478798372097901,0.556524116982155,0.01483,6,0.409770762541806,0.113730633099314
"y1...398",0.120691189046088,1.5573945459324,0.00088,3,0.131943910718483,0.0899731048399226
"y1...399",0.0497478044240683,0.60396104005606,0.0043,7.4,0.438771160884751,0.131793893048106
"y1...400",0.124242356299932,1.59663818274376,0.0013,2.9,0.128665134969441,0.0896183519809671
"y1...401",0.0185517622573953,0.208762799853784,0.0094,13.7,1.25761504812788,0.160769187912205
"y1...402",0.0409813762441442,0.529738497394417,0.00165,9.2,0.516889073998477,0.136962229513641
"y1...403",0.0583026879587252,0.728894405252578,0.0163,4.7,0.283686842877957,0.0963479085301157
"y1...404",0.154992570932755,1.86772094769589,0.00086,2.5,0.115841676328271,0.0940800424151131
"y1...405",0.0647986461277364,0.855404611697203,0.01295,4.4,0.231780721280672,0.0897276194470958
"y1...406",0.0589331300073206,0.688513490503952,0.00244,7.1,0.413654691924737,0.140696110181608
"y1...407",0.120552321620985,1.49808667865567,0.00043,3.3,0.145836845047403,0.0975688706932401
"y1...408",0.103797887801439,1.21571058254444,0.00072,4.3,0.20606932862244,0.116084675183344
"y1...409",0.0356737332466319,0.431847161657315,0.00458,9.7,0.657708613113105,0.148623720659821
"y1...410",0.0862647383372447,1.00687616774347,0.00027,5.4,0.271456946093029,0.129447531205661
"y1...411",0.0517997158733562,0.694035008359975,0.01451,5.1,0.279651842998039,0.0897146840279927
"y1...412",0.0982909178889968,1.13148027140945,0.01634,3.3,0.198176006166491,0.100678324259685
"y1...413",0.0793008157251424,1.06831980225938,0.00029,5.2,0.21142123080024,0.10355818518102
"y1...414",0.121980212082695,1.44824340403491,0.00023,3.4,0.159258697373073,0.104229729091083
"y1...415",0.114331880422966,1.47265960377049,0.00017,3.3,0.142279972516385,0.0928980709255856
"y1...416",0.221482701720213,2.7344717652367,0.00404,1.6,0.07666552136385,0.0843649077905379
"y1...417",0.0502698134672214,0.552517737947447,0.01788,5.7,0.423529057169478,0.117905796962979
"y1...418",0.123816486394124,1.54655961363262,0.00011,3.2,0.13984686078937,0.0961945346777037
"y1...419",0.00797051517662883,0.0829946190475365,0.01029,23.1,2.59820242505875,0.1714617059972
"y1...420",0.107916439321025,1.33235208957103,0.00047,4.1,0.174343139034979,0.105748001747896
"y1...421",0.158143119146878,1.79367313894474,0.0012,2.7,0.129886701504715,0.103671558997233
"y1...422",0.0513105900617955,0.628225471111086,0.01494,5.4,0.339926991808792,0.102760089541188
"y1...423",0.122667184085222,1.35781992436892,0.00073,3.8,0.19051875341058,0.119742699087686
"y1...424",0.057996860274411,0.701877931808006,0.01123,5.3,0.315852165380166,0.106082247360997
"y1...425",0.0670060731581919,0.879192462625542,0.01595,4.1,0.223605615925128,0.0877347175150056
"y1...426",0.134914750953079,1.67559453485182,0.00035,2.8,0.126688645464609,0.0929650253392705
"y1...427",0.103946691471556,1.21372208545641,6e-05,4.3,0.207074739032773,0.116538125570656
"y1...428",0.102587685818824,1.07610222649633,0.00186,4.7,0.270837459446198,0.13968745506739
"y1...429",0.0434724263369636,0.593080009822443,0.01407,5.8,0.321465014848335,0.0898366215080273
"y1...430",0.134495324005363,1.4290884270856,0.00092,3.6,0.187211777837449,0.12416256785735
"y1...431",0.30670797440652,3.79353346936459,0.00809,1,0.061703683499899,0.0790629485722178
"y1...432",0.155391593639869,1.84681903735725,0.00012,2.6,0.119569263619129,0.0969198811124039
"y1...433",0.0890380029844189,1.08827658302424,0.01256,3.6,0.19726142328617,0.096545675090263
"y1...434",0.0779755783327847,0.926238160950881,0.00174,5.7,0.290438111188284,0.128011348691448
"y1...435",0.0811374287977293,1.05306114703763,0.00093,5,0.218724728900897,0.106237005365647
"y1...436",0.0531588232414612,0.638362472573222,0.0142,5.5,0.347650199306967,0.107619550082098
"y1...437",0.0528096028354188,0.646433236441802,0.02075,4.9,0.318941306903224,0.0973745027020359
"y1...438",0.183617015362555,2.24416963839023,0.00339,2,0.0938704384243221,0.0883504901676936
"y1...439",0.0319027666802192,0.390286057646246,0.0136,8,0.556910871387038,0.113607244377494
"y1...440",0.0697883430701887,0.816437358547311,0.00989,4.7,0.282922262000327,0.109528093927398
"y1...441",0.0447854151469282,0.53614598229466,0.00471,7.8,0.48884858733207,0.132749212301986
"y1...442",0.221081323239959,2.70910693373671,0.00386,1.5,0.0793223034841858,0.0835643194836709
"y1...443",0.127932623797909,1.49286070393072,0.00018,3.5,0.160507438128487,0.108890959166473
"y1...444",0.282409091481727,3.16766436336625,0.00537,1.3,0.0732960633197181,0.0906191828796014
"y1...445",0.0295148990035715,0.357489103708296,0.01486,8.3,0.599332688918128,0.113837840327274
"y1...446",0.00766659393281511,0.0933897221744979,0.00976,22.5,2.03203867688423,0.136556617603337
"y1...447",0.21299239783278,2.62181446763306,0.00525,1.6,0.0807384552613276,0.084156063332989
"y1...448",0.257060986728523,2.81656518221693,0.00082,1.5,0.0827952815072203,0.0948997979931099
"y1...449",0.0369752294246251,0.456108960820011,0.00333,9.7,0.628032559803748,0.148011374387167
"y1...450",0.209887897607053,2.40429672783763,0.00409,1.8,0.0928765648619937,0.0930265462679412
"y1...451",0.0455720868363737,0.589292088294369,0.00301,8.1,0.440541104211978,0.127901379345913
"y1...452",0.193151792334923,1.96229968074331,0.00031,2.3,0.128932318123084,0.112701332615857
"y1...453",0.167688299071999,2.16421594613308,0.00064,2,0.09287608785597,0.0825969811572064
"y1...454",0.166916926964627,1.97499520329696,0.00133,2.2,0.110206957197057,0.0926877916860967
"y1...455",0.0724221899128706,0.831566501451015,0.02023,4,0.265714872280214,0.102219543448108
"y1...456",0.090053284408729,1.06342263548272,0.00075,5.1,0.244827717620726,0.122220158292509
"y1...457",0.0647698011198062,0.766120050947181,0.0127,4.8,0.291164385935682,0.105578103033917
"y1...458",0.156170256244594,1.92165823158657,2e-04,2.5,0.110534852017888,0.0921960476253105
"y1...459",0.0704895240767068,0.868005179484275,0.01782,4,0.240380743846382,0.0947521778274597
"y1...460",0.0905566285280298,1.14533237806439,0.00161,4.3,0.196207762874242,0.102824148982335
"y1...461",0.0945865356303452,1.18519835445774,0.00018,4.4,0.193515771064358,0.105021729116407
"y1...462",0.170139882681888,1.95929586558177,0.00098,2.3,0.114380727770748,0.09706956187573
"y1...463",0.132408401011437,1.56811115085129,0.00144,2.9,0.142061591318157,0.0987480642058418
"y1...464",0.0431956974748243,0.588180416937372,0.01919,5.4,0.316207055318418,0.086730003391109
"y1...465",0.14072955563699,1.82367758895503,8e-05,2.5,0.110323025167448,0.0859366070251496
"y1...466",0.106869830080591,1.19413075087712,0.00122,4.3,0.2209121145952,0.123477424522009
"y1...467",0.113181655841349,1.45633661653993,0.00024,3.8,0.151565054451189,0.0991941892745355
"y1...468",0.159498832043461,1.87938437983943,3e-05,2.4,0.116991586325413,0.0952720201435211
"y1...469",0.139344422280048,1.70796593717331,0.00081,2.7,0.125265214223937,0.0934410876284856
"y1...470",0.0951541558472361,1.21282720156425,0.00011,4.2,0.184343752802256,0.101802227951335
"y1...471",0.169247297475241,2.18211273023615,0.00304,2,0.0921421598562725,0.0827953508456419
"y1...472",0.105198044644174,1.24436118793617,0.00072,4,0.192783810858803,0.110330986972161
"y1...473",0.0974929535020198,1.32833892292648,0.00056,3.9,0.154140999018047,0.0913999394711185
"y1...474",0.117306345626319,1.36318691321166,0.00167,3.6,0.175024376200426,0.108928786907979
"y1...475",0.132882107659215,1.62213349053086,0.00055,3,0.135006616611194,0.0971398589405485
"y1...476",0.16917672910833,2.1403478957665,0.00116,2.1,0.0954662938639212,0.0856035201725797
"y1...477",0.171984244572564,2.22550920209946,0.00201,1.9,0.0904082385224031,0.0814819501980172
"y1...478",0.0259241966767066,0.315877882561573,0.0066,11.3,0.840360540055289,0.145987439242157
"y1...479",0.154469631463292,1.76496492090488,0.00085,2.7,0.130701216531733,0.102427421615993
"y1...480",0.0862315236214219,1.19685779861975,0.00026,4.5,0.173876604947771,0.0937658761842159
"y1...481",0.0239222771515412,0.281127291352443,0.00862,11.5,0.92291070127662,0.147233982938093
"y1...482",0.0230992765582067,0.286380495062949,0.00628,12.3,0.923230250646875,0.147360156403077
"y1...483",0.0781087139206089,0.937376504200899,0.013,4.1,0.2331470922105,0.100276088279822
"y1...484",0.0275685064676712,0.331878168826181,0.00633,11,0.820565504233275,0.149009142816726
"y1...485",0.0789178185697919,1.07412666815201,0.01313,3.6,0.178993464047578,0.0840457707940255
"y1...486",0.109163342291631,1.3083455432106,0.00064,3.8,0.178574436385531,0.106605145323758
"y1...487",0.0399241975549115,0.44203466632597,0.00593,8.9,0.677038582348786,0.159582833192474
"y1...488",0.111599323244854,1.49762639137864,0.00065,3.4,0.135470671513642,0.0896279671899557
"y1...489",0.195195012269762,2.73081503066275,0.00218,1.5,0.0709141160643695,0.0725216472888138
"y1...490",0.102145611631702,1.31662378146717,0.00027,3.9,0.165386508345161,0.098199473401331
"y1...491",0.0141202349663034,0.172994683225431,0.00855,16.1,1.37424605224776,0.147347471184647
"y1...492",0.212447836095271,2.58078873269991,0.00231,1.6,0.0831449546431239,0.0851889751116134
"y1...493",0.0357372737940125,0.455629680102907,0.00571,8.8,0.5419406115849,0.126115523808016
"y1...494",0.0242881998500097,0.323916392598231,0.00542,11.7,0.760184318461743,0.131434632750459
"y1...495",0.121961764810994,1.55384441463924,0.00021,3.2,0.136362890525468,0.0938980470126185
"y1...496",0.150088755955106,1.86577431287097,4e-04,2.5,0.112447763279399,0.0906316753943434
"y1...497",0.0749242053503394,0.848330538881386,0.0014,6.2,0.348677592549233,0.143613231740588
"y1...498",0.147662250936714,1.71833447063126,0.00062,2.9,0.133926133088477,0.102737687198296
"y1...499",0.102096956202071,1.39569373789963,2e-05,3.6,0.143348671285455,0.088558310268105
"y1...500",0.0652127683622324,0.894632682261668,0.00857,4.5,0.218747377600988,0.0885898788915631
"y1...501",0.116301796589561,1.31807215541676,1e-04,3.9,0.191920768675264,0.116883472718796
"y1...502",0.0559399876105595,0.646708439157591,0.00279,7.4,0.455351334044032,0.147060773740937
"y1...503",0.154278138702858,1.88313954372043,0.00133,2.5,0.113517808672745,0.0927753704262496
"y1...504",0.0485019450015092,0.603038507372005,0.00265,8,0.455931757606626,0.136312458987574
"y1...505",0.0419010321546289,0.514590105746811,0.00364,8.7,0.532964075072315,0.139234235411211
"y1...506",0.174253302866516,2.24908734725682,0.00227,1.9,0.0895536993787709,0.0818460350683937
"y1...507",0.123825488593129,1.25773032496307,0.00089,3.9,0.225693559152272,0.134360898034216
"y1...508",0.0688436499498679,0.990588123139841,0.00087,5.3,0.205280958469852,0.0924493146432767
"y1...509",0.0465752040357973,0.57131828478342,0.0025,8.5,0.505450313129293,0.14473439030791
"y1...510",0.0174519582908616,0.189709546612144,0.00894,14.9,1.48988353315403,0.179194695977232
"y1...511",0.120316254683149,1.48945709565133,0.02386,2.4,0.140384407549121,0.0859141432555367
"y1...512",0.171770504129116,1.99318480453822,0.00019,2.3,0.111732491192467,0.096484483932892
"y1...513",0.108637647931015,1.44374610563354,0.00113,3.4,0.141148513743706,0.090114455564473
"y1...514",0.158268379539038,2.12971402935433,0.00046,2.1,0.0907101433900266,0.0797211549869372
"y1...515",0.0959253979720256,1.20053727403144,0.01505,3.2,0.172771612304143,0.0908200709209685
"y1...516",0.11127316941342,1.4516438464641,0.00067,3.4,0.143364325276767,0.0923648694778589
"y1...517",0.0411359465566474,0.518478347041277,0.00395,8.7,0.511753750660979,0.133705004642775
"y1...518",0.148495114805887,1.76046362680507,0.00102,2.8,0.12732620676047,0.0993279361227965
"y1...519",0.0831147820405946,1.07981606007813,0.00034,5,0.214710421806761,0.106773001994907
"y1...520",0.06625539033396,0.881138363395999,0.00222,5.7,0.258551160561676,0.106340934721031
"y1...521",0.188390433393673,2.5462572614627,0.00415,1.7,0.0762664291384993,0.0768335939757036
"y1...522",0.105998417917852,1.33300302116563,0.00061,3.8,0.166651949017468,0.100404495418289
"y1...523",0.0869900230837582,1.07959504466862,0.00059,4.8,0.219304474526361,0.109646697789358
"y1...524",0.0746467039100168,0.987128912661368,0.00098,5.4,0.233711579718365,0.106792465831929
"y1...525",0.123753626880851,1.5802416845342,6e-04,3.1,0.132858832417173,0.0926572755151857
"y1...526",0.158630348976677,2.01078454547063,0.0218,1.8,0.104757486122947,0.080700935713888
"y1...527",0.13295750198284,1.51740234640365,0.00021,3.3,0.158494331892025,0.10917909022945
"y1...528",0.0100140916629462,0.134421810655716,0.00713,20.3,1.62403827450364,0.138612967424059
"y1...529",0.148026936519594,1.73454222210046,0.00026,2.8,0.130533586924674,0.100500921058692
"y1...530",0.0516229627208985,0.643223404927368,0.01913,5,0.31691776165342,0.0961673580067326
"y1...531",0.129078571473174,1.5764122536843,0.00044,3,0.138248369042123,0.0965535973228407
"y1...532",0.0677102062969766,0.869542183619094,0.01136,4.5,0.23983358870012,0.095907475737754
"y1...533",0.0173676264626092,0.221667009876498,0.00633,14.9,1.1619970108771,0.149583198719048
"y1...534",0.0743481880557202,0.87447970405866,0.00992,4.5,0.263048983150579,0.108132200648235
"y1...535",0.023756972840139,0.306413765576758,0.00574,12.1,0.83362099259176,0.138997393207322
"y1...536",0.144149330076046,1.6044193598969,6e-05,3.1,0.152096080539328,0.110617739991473
"y1...537",0.102353205919973,1.19001399544365,0.00048,4.5,0.216700005248816,0.120060195492001
"y1...538",0.148879553202327,1.79980771892775,0.00231,2.5,0.119488492407919,0.0931142184869343
"y1...539",0.0476039492440199,0.689930961821587,0.0167,5,0.25884945159783,0.0807115946488963
"y1...540",0.0236478849490537,0.295307630125883,0.0141,9.6,0.68791290539658,0.110791973410222
"y1...541",0.0767052552891219,0.99801356167336,0.02198,3.4,0.19709913290518,0.0848731874803236
"y1...542",0.038897252581461,0.464582783254123,0.01861,6.3,0.443513543469561,0.103415831911337
"y1...543",0.144490409218605,1.8065012065528,0.00208,2.5,0.115248808848698,0.089520091243627
"y1...544",0.107708166257913,1.36726094091105,0.00011,3.7,0.159898391654576,0.0983773926916462
"y1...545",0.156308359994961,1.91526404069906,0.00184,2.7,0.113229816613752,0.0953497662576996
"y1...546",0.0494250292423992,0.581318333516523,0.01273,6,0.395375771372428,0.113919948109538
"y1...547",0.0216738699082299,0.258360246648104,0.00841,12.3,0.992147996735394,0.147283067715985
"y1...548",0.114989947747188,1.25324759252998,0.00011,4.3,0.220413421716059,0.129573330661033
"y1...549",0.0171655814876893,0.194670001308655,0.01088,13.6,1.21654033426552,0.146558785676046
"y1...550",0.0458569614928299,0.482901697305803,0.00767,7.8,0.605733887490711,0.155394347836938
"y1...551",0.063500946220305,0.726730985583459,0.00514,5.9,0.359260125443361,0.127996360672969
"y1...552",0.0698013880883726,0.833519962125091,0.00105,6.3,0.327277834545667,0.131169460915624
"y1...553",0.0244290431980748,0.303008731750769,0.01495,9.3,0.675777998553234,0.111338388360327
"y1...554",0.0687155954675059,0.872671470769208,0.01529,4.2,0.235789311820233,0.0937014987873062
"y1...555",0.180846321266255,2.26922862564603,0.00134,1.9,0.0908795088895425,0.0845917943957014
"y1...556",0.0471166784559933,0.591159320592664,0.00431,7.6,0.428625126888825,0.125366081090395
"y1...557",0.109306770800728,1.35195105693333,0.00117,3.6,0.164280944821866,0.100169168522277
"y1...558",0.132680212446959,1.64186408197404,0.00048,3,0.131722629913092,0.0957176899256163
"y1...559",0.0201044312333433,0.237876508189612,0.00629,14,1.19954734644511,0.167482432999323
"y1...560",0.0489377612042368,0.581827652007969,0.00313,8,0.494279183995124,0.144713325164159
"y1...561",0.0957115843708493,1.16602213828967,0.00045,4.5,0.207494099850882,0.111762513193475
"y1...562",0.0470304124080718,0.611677035343654,0.00334,7.6,0.401273255277675,0.119993115031898
"y1...563",0.166412804497885,2.16002332528297,0.00101,2.1,0.0923703932718576,0.0832424844733908
"y1...564",0.030455164696824,0.358960026220769,0.00716,10,0.745028411357198,0.145007922466931
"y1...565",0.105942068206232,1.48532447209646,0.00043,3.2,0.128068051982304,0.0826042439882426
"y1...566",0.111768830091031,1.39259347009045,0.00051,3.7,0.160999174126001,0.101221705842302
"y1...567",0.0919618354350522,0.977867772617553,0.00098,5.3,0.303694769936717,0.143544596788396
"y1...568",0.113479009085765,1.51510468458409,0.00042,3.2,0.132511557442532,0.0881068224863677
"y1...569",0.0354149472934685,0.410167563923843,0.0053,9.6,0.696722833395754,0.152415698628259
"y1...570",0.138658143549847,1.65093466121341,0.00067,2.9,0.135218118730331,0.0990891549646452
"y1...571",0.0305398583242346,0.375117392337188,0.00548,10.4,0.7248169169769,0.144891372403537
"y1...572",0.127362362463884,1.57434235363901,0.00016,3,0.13667073913335,0.0950890759548036
"y1...573",0.0955414213514973,1.01018139940312,0.00176,5,0.291366523745273,0.141862240448083
"y1...574",0.115228363025517,1.50074812799391,0.00051,3.4,0.139751865070698,0.0931610762977853
"y1...575",0.0083679476791479,0.0979668129893567,0.01167,20,1.8215563652143,0.128699897450965
"y1...576",0.123940051952578,1.57750588205144,6e-04,3,0.13234764811152,0.0917349172515308
"y1...577",0.0595713644532984,0.766694266548259,0.01368,4.7,0.265923415305256,0.0942993652311335
"y1...578",0.0547934071328336,0.667440490835015,0.02023,4.8,0.30872182123023,0.0965935226807964
"y1...579",0.115185419676606,1.41984215376405,5e-04,3.4,0.155265368092703,0.0988818670178516
"y1...580",0.215988592172574,3.04654378145647,0.00904,1.3,0.0653865267071804,0.0707059653528563
"y1...581",0.167096065851982,2.02289936066663,0.00084,2.2,0.105372153618983,0.0906199471507642
"y1...582",0.0935052947620675,1.14070165236621,0.00094,4.5,0.21035326295358,0.11092748680585
"y1...583",0.0411095391660942,0.474612497392714,0.01606,6.6,0.470185486471621,0.113927407765522
"y1...584",0.213075318682929,2.93493133027809,0.00159,1.4,0.0672728194119579,0.0733029125677429
"y1...585",0.0632228326004916,0.749326172120349,0.02032,4.4,0.284016973052406,0.0988325253453785
"y1...586",0.0433130671620554,0.493681634152636,0.01622,6.4,0.463710696248265,0.116756809859988
"y1...587",0.0463980428040397,0.67489562583235,0.01409,5.2,0.265485082246158,0.0815354078416579
"y1...588",0.118328898002147,1.41710368926708,0.00011,3.7,0.166231722207157,0.10709620135955
"y1...589",0.0287032465825672,0.373398735902454,0.01576,7.9,0.521361796187487,0.100053538059674
"y1...590",0.0986407984124143,1.18599948426419,0.00067,4.4,0.20317802661768,0.111217610102248
"y1...591",0.178532845930237,2.06708277529258,0.00122,2.3,0.108230392634451,0.0973233876229816
"y1...592",0.0321736003938705,0.376174314244732,0.00427,10.8,0.816798822284068,0.166143891545551
"y1...593",0.0949321625519967,1.16543229708021,9e-04,4.6,0.205633735245131,0.110545870274315
"y1...594",0.011131356194597,0.145323764630231,0.00989,17.2,1.34918422807829,0.123209259840163
"y1...595",0.113273546619255,1.34565999568821,0.00021,3.7,0.174494946861854,0.107025036961895
"y1...596",0.0376130609248041,0.447578771164569,0.01275,7.3,0.501920034176377,0.115583359124908
"y1...597",0.033312593325513,0.383251220006371,0.01504,7.8,0.584817502786223,0.119228781930878
"y1...598",0.0972459530272072,1.30436845859415,0.00015,4,0.160838151084151,0.09413259375663
"y1...599",0.0961395742120357,1.19931095018569,0.01872,3,0.171915836397415,0.0885788141055593
"y1...600",0.144108298412047,1.78660798215984,0.00077,2.7,0.11894806226013,0.0928981233448712
"y1...601",0.0780516321730571,0.970199100646134,0.00118,5.4,0.255941133507468,0.116462241766154
"y1...602",0.0847683268176147,1.16332550375556,0.00118,4.3,0.176350615707568,0.0923755191592121
"y1...603",0.086049442494014,1.0105589078969,0.01116,3.9,0.22359046527946,0.103947976406989
"y1...604",0.148831805692571,1.81021640754597,0.00115,2.6,0.118930512167539,0.0939175131129319
"y1...605",0.125116922887982,1.53676478248518,0.00082,3.3,0.144683057292519,0.0995417567343004
"y1...606",0.115122489549221,1.42778825780557,0.00016,3.5,0.155188176681893,0.099591564734556
"y1...607",0.162075999655245,2.0011791365719,0.00024,2.3,0.104862729165492,0.0897485844664648
"y1...608",0.0214135890693836,0.278918779352073,0.00625,12.7,0.894394324740612,0.137642554608055
"y1...609",0.0214664607445097,0.263580184347653,0.00677,12.9,1.00608957328308,0.15059247006685
"y1...610",0.0304284934136814,0.346383358582296,0.00587,10.8,0.865825415979472,0.16564486984331
"y1...611",0.118627300758079,1.44888786854762,0.00011,3.4,0.154312963059143,0.100485081063124
"y1...612",0.100057234743978,1.27851546596822,5e-04,3.9,0.170852451177145,0.098708465549369
"y1...613",0.00908813150168906,0.105891612130205,0.00986,20.8,1.99837398835933,0.15030278986158
"y1...614",0.189147628638015,2.26049410541409,8e-04,2,0.0951037431064194,0.0907422169920077
"y1...615",0.193094704260417,2.19675858255988,0.00233,2,0.10239674778871,0.0955790939228053
"y1...616",0.204114440201523,2.39391135732186,0.00162,1.8,0.0914156727521323,0.0905395594824072
"y1...617",0.107515695002174,1.19961523692161,0.00105,4.2,0.217594979964403,0.122028346696409
"y1...618",0.155722048472284,1.81151561092475,0.00097,2.5,0.123327308446237,0.0976091145183983
"y1...619",0.112639164778356,1.42904029006218,0.00078,3.6,0.152857562717958,0.0980330428829681
"y1...620",0.0596298411875599,0.781669557701156,0.01902,4.3,0.249565639855255,0.0880436511379067
"y1...621",0.0316713212444565,0.382149095003701,0.00353,11.1,0.792323348795194,0.161924213090783
"y1...622",0.160290448014491,1.99604916460372,0.00034,2.2,0.104026118896988,0.0875142781219508
"y1...623",0.0331038549198814,0.413530211380363,0.00493,9.9,0.650614991137181,0.140514558291764
"y1...624",0.0386993496220157,0.49671429431016,0.00397,9,0.53034166567563,0.133005659032123
"y1...625",0.105018575045868,1.29835706139217,0.00016,4.2,0.18181502183231,0.107840787457434
"y1...626",0.133052343527112,1.75369704722529,0.00051,2.7,0.113703753251227,0.0859900214817202
"y1...627",0.176841024590465,2.15474812688725,0.00309,2.1,0.0981662750854443,0.0894751093227281
"y1...628",0.0887344704786096,0.96114634198617,0.0119,4,0.255235027148908,0.115642345345234
"y1...629",0.0480298550945743,0.575811615686696,0.01683,5.6,0.3691228191107,0.103476872133695
"y1...630",0.0918932719902914,1.12782210547976,1e-04,4.8,0.21574420533818,0.112676680035722
"y1...631",0.0695999666795313,0.745316415956462,0.01813,4.5,0.322354908978251,0.116145739349422
"y1...632",0.090326912790354,1.09337139134202,0.03101,2.9,0.191644139121219,0.0882624289366307
"y1...633",0.204031791523976,2.66577776693757,0.00077,1.5,0.0770708412923736,0.077798815129676
"y1...634",0.212735327919745,2.38212097948533,0.00201,1.7,0.0962362413431213,0.0936464979182055
"y1...635",0.085680150826844,0.960469241945123,0.01382,3.9,0.243542887517229,0.10881940459225
"y1...636",0.0838250209864684,1.08858307460659,7e-04,4.8,0.206332010931533,0.103071957701875
"y1...637",0.0869433637368438,1.07932771286168,8e-04,5,0.227479759868273,0.11404444084325
"y1...638",0.0407350458542872,0.527605965161688,0.01353,6.4,0.387713096477709,0.0999986972670217
"y1...639",0.0140262812565159,0.167198905267436,0.00864,16.5,1.4817788742656,0.156335902341848
"y1...640",0.0968159173733245,1.20869465644178,5e-05,4.5,0.196321664039079,0.108927648695111
"y1...641",0.172649188047939,2.27624431829034,0.00443,1.9,0.0867595931371285,0.080063279677674
"y1...642",0.157981856133601,2.01118639455262,0.00287,2.6,0.103248731291205,0.0904169002385064
"y1...643",0.114985858376358,1.47744987630519,0.02391,2.4,0.137258101737805,0.082173250499104
"y1...644",0.0986974818815957,1.25929207099468,3e-05,4.2,0.179067193075974,0.102541834991164
"y1...645",0.0921547753774574,1.32107781449206,0.00104,3.5,0.141444196891261,0.0814755809119152
"y1...646",0.00861182961402587,0.0995464180779204,0.00989,21.5,2.09359124277005,0.150887608337837
"y1...647",0.0768877186663169,0.943966153350096,0.00214,5.3,0.258203693239096,0.114604764361393
"y1...648",0.0529111536450427,0.601699089765882,0.00199,7.9,0.513503622752241,0.156483331507653
"y1...649",0.0648535187590626,0.825073627393039,0.00277,6.1,0.295189192324197,0.115521305110565
"y1...650",0.158425235309255,1.78716608404288,0.00165,2.6,0.1297487546019,0.10265526762679
"y1...651",0.0332953190594662,0.36367134152024,0.00583,10.4,0.871515142726679,0.175651546992837
"y1...652",0.144686756777132,1.77765156574799,0.00085,2.6,0.1196939770896,0.0924865670024366
"y1...653",0.0980723100856685,1.11511573395533,0.00029,4.5,0.232751304867906,0.121809490257591
"y1...654",0.0642324137588272,0.745537995130453,0.0115,5,0.312311994607125,0.111848440722418
"y1...655",0.168095802472769,2.01578387730678,0.00047,2.3,0.107097140987233,0.0929887670816282
"y1...656",0.101582672875619,1.17421089549504,0.00938,3.5,0.195129241255504,0.104231592261426
"y1...657",0.112863194973204,1.37818346834904,0.00096,3.7,0.166064734119199,0.103730156254759
"y1...658",0.148082184436353,1.84066208479031,4e-05,2.5,0.113886776120239,0.0904332434436472
"y1...659",0.122752286187599,1.42976895652928,0.00043,3.6,0.16835677276082,0.109757378553618
"y1...660",0.0951605138038145,1.16795175858946,4e-05,4.2,0.198066432668019,0.106219742745768
"y1...661",0.0545196291519116,0.685046954496165,0.00972,5.5,0.31686590584468,0.103694391035623
"y1...662",0.0961245870227097,1.06977255810869,0.00279,4.6,0.245571646776185,0.124124062420664
"y1...663",0.0869889701633867,1.02387691254734,0.00081,5.1,0.251966620917656,0.121489334303356
"y1...664",0.0355272342496385,0.400560596763313,0.0062,9.5,0.72933273642419,0.157569712190616
"y1...665",0.0342795149316106,0.416411735418869,0.01437,7.5,0.520408197248898,0.112029421308516
"y1...666",0.202700201020488,2.39069400458873,0.00278,1.8,0.0911050373773033,0.0899542402293452
"y1...667",0.14913491510854,2.07691378268765,0.00213,2.1,0.0903567914441875,0.0763898467829832
"y1...668",0.0890086552280912,1.0262352615451,5e-04,5.2,0.26533051505239,0.128935039803416
"y1...669",0.124652336674038,1.72927860231298,0.00025,2.8,0.11003492647541,0.0817193990419767
"y1...670",0.0173774537451483,0.196642799552592,0.00766,15.2,1.44573996926041,0.176364899295482
"y1...671",0.159897819501856,1.94732458280876,0.0012,2.5,0.11033577852272,0.0935476618140259
"y1...672",0.0606686270322641,0.763294050625719,0.00283,6.3,0.320987691050666,0.117366771501334
"y1...673",0.0660340582247815,0.778008976835157,0.01795,4.4,0.27846505515722,0.100915524549445
"y1...674",0.0558081657261323,0.664449924060613,0.00287,7.1,0.410043986981737,0.134503786529352
"y1...675",0.0972754734532929,1.1855901266458,2e-04,4.2,0.197546916594162,0.107640108449287
"y1...676",0.0744350600733533,0.896484131363885,0.0029,5.4,0.280070585635317,0.119167377746716
"y1...677",0.111707831152961,1.33673716171181,0.00146,3.6,0.171932011470442,0.104336333663444
"y1...678",0.0965607361772325,1.16339632667208,3e-04,4.6,0.21065640899151,0.113462643831843
"y1...679",0.0848358934316948,1.00801080364717,0.01464,3.7,0.217244369503281,0.0994090280616865
"y1...680",0.179441282440137,2.03460877084012,0.0022,2.1,0.111050154194416,0.0963074215248975
"y1...681",0.11610517465038,1.64587781425318,6e-05,2.7,0.112389853546539,0.0779887790813287
"y1...682",0.12521241350987,1.4678247038729,0.00059,3.1,0.154640598068406,0.10164865902573
"y1...683",0.150609402817732,1.88137783269867,0.0011,2.4,0.110487390219615,0.0889326077588861
"y1...684",0.122492275954356,1.55292166140775,5e-04,3.5,0.141611441200846,0.0984088187199467
"y1...685",0.0694969706110883,0.8388329317273,0.02102,4,0.251430198824793,0.0961561385649063
"y1...686",0.0735761112511184,0.913501513781735,0.02149,3.7,0.224639147851505,0.091365616262186
"y1...687",0.110034053658612,1.3314543801773,4e-04,3.9,0.176432786338728,0.107163125636481
"y1...688",0.130372745082995,1.60247681291501,0.00072,3,0.135423822878359,0.0960864762200851
"y1...689",0.0660710609375926,0.763018328762407,0.00411,5.9,0.345843365769181,0.128567103762693
"y1...690",0.0948585439907477,1.07545371101065,0.01359,3.6,0.214987248658303,0.105939851032706
"y1...691",0.0406450053677687,0.50696854217967,0.00386,8.8,0.536356865060841,0.137849010804861
"y1...692",0.0762681038317158,0.905046876826997,0.00039,6.3,0.314876694528837,0.136190006036771
"y1...693",0.123679655974755,1.64715994078892,0.00023,3,0.121577433281575,0.0874177821089896
"y1...694",0.120699562691243,1.52288985841426,0.00077,3.1,0.138838890576012,0.0933942749210694
"y1...695",0.0794297012218682,0.959901169361686,0.02254,3.5,0.218896457545072,0.0931993832214926
"y1...696",0.0814948433513811,1.02968537589049,0.00084,5.1,0.229651976688231,0.109765479539385
"y1...697",0.0121070422644355,0.148911795265529,0.00897,17.6,1.53009208555273,0.145881846129238
"y1...698",0.0835092725991251,1.04723372210941,0.00053,5.3,0.234882239711858,0.114422520225733
"y1...699",0.150231984200472,1.71535265180942,0.00084,2.7,0.134051845996653,0.101963293378071
"y1...700",0.133948464138076,1.60950172470015,0.00055,2.9,0.136877220364891,0.0974939424076859
"y1...701",0.0821118732485606,1.00569304576928,0.02134,3.4,0.206993947116228,0.0915863241613664
"y1...702",0.101654888453534,1.18737572872693,0.01471,3.2,0.186443106455653,0.0986232931237136
"y1...703",0.0776460699087552,0.991954989451061,0.00016,5.7,0.252537305280645,0.116893588484394
"y1...704",0.0338733542926502,0.379700524360082,0.00587,10,0.791357793703266,0.1639349365653
"y1...705",0.126102094485947,1.46853393413947,2e-05,3.6,0.164998531484577,0.110420029851098
"y1...706",0.143070703664344,1.67545543995873,0.00015,2.7,0.133381333890112,0.0984115575317487
"y1...707",0.105611323131132,1.24799694880886,0.00063,4,0.192600157674302,0.11056000526472
"y1...708",0.00931980806061522,0.108849783152546,0.0096,20.7,1.99240995516748,0.152857577003771
"y1...709",0.163483498958904,1.9823004609883,0.00018,2.2,0.107351736621679,0.0901499926578987
"y1...710",0.115228152086734,1.26777041646437,6e-04,4.1,0.207148214004161,0.122438481502278
"y1...711",0.0703933840809182,0.819144580250799,0.00158,6.4,0.351500948425256,0.13955363749079
"y1...712",0.109917010709427,1.31211253214878,0.0283,2.6,0.163457648565904,0.0897923124241395
"y1...713",0.121454135610829,1.50562321344972,0.00078,3.3,0.145627359696608,0.0979711506651677
"y1...714",0.139582384031937,1.74004143114691,0.00047,2.9,0.123188102085903,0.0944979319572105
"y1...715",0.114667155632219,1.45838960203616,0.00046,3.2,0.1440707409654,0.0929447011030592
"y1...716",0.0553191086021527,0.634068172789171,0.0025,7.7,0.483575565204159,0.153929124217429
"y1...717",0.0901766383916095,1.25775478847265,2e-05,4.2,0.161386635783238,0.0908418628839384
"y1...718",0.083728812312154,0.964817800734163,0.01253,3.9,0.235890768918523,0.105117691688017
"y1...719",0.112216358359057,1.27860924288428,4e-04,4.2,0.202940590717402,0.120425947651466
"y1...720",0.0993298825709702,1.25611428006735,0.00103,4,0.17718421380083,0.101022285270762
"y1...721",0.0438809759257337,0.591110560610268,0.00197,8.3,0.423991988865478,0.122357556736603
"y1...722",0.146477598130332,1.70158135411796,0.00101,2.9,0.135278069480678,0.102772571831148
"y1...723",0.151191338695106,1.9050926790739,0.00051,2.4,0.108263811772553,0.088213402769638
"y1...724",0.0668749465158213,0.853924431577287,0.01157,4.5,0.244424631599721,0.0961110071717073
"y1...725",0.0685872404668792,0.832568941804343,0.00075,6.5,0.332678417447464,0.132898439352757
"y1...726",0.141378970402834,1.55739922325293,4e-04,3.1,0.157493575402454,0.111400714861594
"y1...727",0.138271442573466,1.71003879794913,0.00061,2.8,0.124978389321014,0.093793604167673
"y1...728",0.116807765593646,1.41777901533712,0.00031,3.3,0.156441913532621,0.0994110323049961
"y1...729",0.0529954357437648,0.63923987769261,0.01356,5.5,0.345643470318632,0.10700632532619
"y1...730",0.0780795912393926,0.931212080635036,0.00148,5.4,0.27701797417871,0.122357737696512
"y1...731",0.0999177910854988,1.16814446663265,0.00136,4.4,0.212364185204448,0.11520173700139
"y1...732",0.160601846662672,1.90199906581452,0.0014,2.4,0.115128327086926,0.09489828923817
"y1...733",0.0518732298150361,0.630854573691448,0.01708,5.2,0.334992808460847,0.101221515042526
"y1...734",0.070409856454922,0.878746972694018,0.00093,6.1,0.291512045598094,0.121386231271292
"y1...735",0.0660907263851682,0.782368036942504,0.0022,6.5,0.356549696900219,0.13535470922791
"y1...736",0.0246996539439712,0.284233669165113,0.00758,11.8,0.981810997322548,0.159275092100673
"y1...737",0.135929421952746,1.71823578805333,4e-05,2.7,0.12080335959727,0.0901181830414452
"y1...738",0.0466393604207605,0.560217348788017,0.00475,7.7,0.477487783084792,0.134696994408532
"y1...739",0.0988955473946653,1.30052245510588,0.01952,2.8,0.15155603992386,0.0824159585987267
"y1...740",0.148103309763177,1.7355578213756,0.00034,2.7,0.129236099822882,0.0989892313612185
"y1...741",0.0725038384140384,0.91135481510771,0.00934,4.4,0.232993592641567,0.097489837478057
"y1...742",0.127053316440194,1.57026013333117,0.00014,3.1,0.138285075103682,0.0964172107880208
"y1...743",0.0888229453903943,1.00348157251437,0.01799,3.6,0.227294199360735,0.104312016281586
"y1...744",0.0891104226275068,0.981021408345923,0.00021,5.7,0.311183240733464,0.146806335732149
"y1...745",0.0916929013672421,1.00893953203137,0.00014,5.4,0.293301136315358,0.141799709409657
"y1...746",0.0820300401712139,1.10503966564596,0.00026,4.8,0.195271065929835,0.0982808133115608
"y1...747",0.086891787638329,1.11832910675874,0.00115,4.3,0.195632601159408,0.0998178585406896
"y1...748",0.0348462835602486,0.411332551301079,0.00605,9.4,0.669323913983056,0.145938728943407
"y1...749",0.0880481371388798,1.07196904815249,0.00069,5,0.234246439596701,0.117120229457748
"y1...750",0.097638528523322,1.04707439938396,0.00065,5.2,0.288314471260866,0.144823022536844
"y1...751",0.0234065327281557,0.318970293710479,0.00381,12.8,0.82002808130284,0.1393776475861
"y1...752",0.0589541705188453,0.693665469167789,0.01564,5,0.321361371475574,0.106900557940889
"y1...753",0.0915155715991664,1.18306946028693,0.02132,3,0.168558417000745,0.0845884288661174
"y1...754",0.127705164321563,1.58329446110823,0.00111,3,0.135588452833403,0.0948403503520157
"y1...755",0.0502242156593374,0.622179135535765,0.01415,5.6,0.340820645882798,0.102020275986006
"y1...756",0.188554159944524,2.20966447359856,0.00108,1.9,0.099244401170496,0.0909807559363687
"y1...757",0.0356065527223511,0.428846836320609,0.00364,10,0.687455519090021,0.154743130489272
"y1...758",0.0832693878112674,1.0668988010911,0.00141,4.6,0.207970721926944,0.101844292445291
"y1...759",0.173464481753872,2.01018191388365,0.00022,2.4,0.111780824363974,0.098305465864206
"y1...760",0.0160499062167937,0.199796365777299,0.00692,15.6,1.27865701523699,0.152789950930593
"y1...761",0.1057312209549,1.29362141525421,0.00032,4.3,0.186947455278338,0.110831629663293
"y1...762",0.0208377186790616,0.25138205301604,0.00662,13.3,1.08096718649623,0.15665546839337
"y1...763",0.0543123172408828,0.632936993147168,0.01517,5.4,0.357417662532712,0.110389006394204
"y1...764",0.100412560651682,1.32259087183131,4e-05,3.8,0.159095278168322,0.0942873541619327
"y1...765",0.00841943812988746,0.10722336508033,0.0094,21.2,1.79858132735693,0.131624228924765
"y1...766",0.082319018439923,1.02635401628581,0.00222,4.6,0.220671207193311,0.104662115349898
"y1...767",0.0559689509887208,0.58463818849456,0.0135,5.9,0.447966327215985,0.133985454383862
"y1...768",0.179924113403273,2.4382959390022,0.00167,1.7,0.0801611873231786,0.0761573598050416
"y1...769",0.0859060433203561,1.10224929311476,0.00139,4.3,0.198418858184437,0.0998745444326717
"y1...770",0.00941237726334677,0.118659412738173,0.00922,20.1,1.72536629947329,0.136939289385268
"y1...771",0.121563439281048,1.37019337357699,0.02248,2.6,0.164861391488582,0.097080119743576
"y1...772",0.275126125364582,3.45849846121972,0.01023,1.1,0.065492411832727,0.0783246218646066
"y1...773",0.0415405673455705,0.452590825465226,0.01679,6.7,0.524347373147508,0.124364626232254
"y1...774",0.127671980855033,1.64145139810067,0.00113,3.2,0.128981968157352,0.0937649210920864
"y1...775",0.154929654995057,1.89436927125573,7e-05,2.6,0.113559280429797,0.0940459588702442
"y1...776",0.147266950993065,1.6140755346783,0.00129,3,0.152032097033269,0.111177395624514
"y1...777",0.104914753016127,1.34041792516223,0.00139,3.6,0.159567560919956,0.0958498256279057
"y1...778",0.0476428774340724,0.613586040319342,0.01492,5.6,0.329363312828831,0.0961770873988522
"y1...779",0.0246959182866932,0.300285129878381,0.00737,11.4,0.85984724981331,0.143304819215609
"y1...780",0.176078733908829,2.14891627527198,0.00035,2.1,0.0982875322118714,0.0892718776676082
"y1...781",0.112914235632856,1.41636644068438,0.00067,3.5,0.154232840434793,0.0979728188914821
"y1...782",0.164695996490915,1.76373549528338,0.00042,2.5,0.136998796792325,0.10729249872499
"y1...783",0.24137470436008,3.00194943710087,0.00328,1.4,0.0705995019384854,0.0820001102800893
"y1...784",0.110637674596091,1.24868895612109,0.00026,4.3,0.211629006615787,0.123152275050945
"y1...785",0.0986361725927887,1.15669672272351,0.02053,3.1,0.188641261061774,0.096005588871313
"y1...786",0.0875603114295402,0.945029227005096,0.00185,5.3,0.303927605667128,0.138777473359485
"y1...787",0.116450404952915,1.49282868264443,0.00022,3.4,0.142826861609674,0.0949783712935392
"y1...788",0.139152271614243,1.63735330641977,0.00121,2.9,0.137857165296888,0.100396830449737
"y1...789",0.0507602928367985,0.65091955385997,0.01457,5.4,0.316323086377265,0.097710674597482
"y1...790",0.157350573205896,1.90578407200652,2e-05,2.5,0.113150435516574,0.0938312227570176
"y1...791",0.0800612811338418,1.11006952175968,0.00097,4.7,0.187971497120445,0.0945176682489972
"y1...792",0.019477150037487,0.218046747713571,0.00702,14.5,1.37909424055185,0.18312129916345
"y1...793",0.131632582588141,1.57899571474002,0.00062,3.2,0.14365830342511,0.101693771921106
"y1...794",0.127040542692658,1.50536184380029,0.00018,3.3,0.153022819931984,0.103820538102567
"y1...795",0.161908321717495,1.99161488654879,0.00108,2.3,0.105727806453772,0.090074553347355
"y1...796",0.139074698449804,1.73214049751388,2e-04,2.8,0.122683147441071,0.093199866181574
"y1...797",0.11209620225707,1.30590552153658,0.00061,3.8,0.184733151817859,0.110693402843492
"y1...798",0.0182735821968177,0.201727947420093,0.0082,14.6,1.4034869979492,0.176074295296168
"y1...799",0.0453348646316918,0.484932607059359,0.00696,8,0.615753839705721,0.158098736164041
"y1...800",0.0838444360744253,1.0729518614499,0.00166,4.6,0.207432362505112,0.102164984608966
"y1...801",0.104731665760095,1.31903089569551,0.00012,4,0.171596039042738,0.10269844168019
"y1...802",0.116836309510553,1.33796180102999,0.00084,3.8,0.185090744591133,0.113936061017362
"y1...803",0.13361798161581,1.59883726061035,5e-04,3,0.139572434894224,0.0993241493942657
"y1...804",0.0223301160604071,0.28904441540364,0.00618,12.4,0.871841936897322,0.138404089932135
"y1...805",0.0460391833007088,0.637786433759586,0.00331,7.4,0.356392456515977,0.109049571430398
"y1...806",0.0165961169722256,0.190099022601424,0.00761,15.6,1.45615956447833,0.172263840578145
"y1...807",0.157136236809208,1.86366521560245,0.00042,2.5,0.117914730754106,0.0958549778550402
"y1...808",0.113076722659511,1.3503234346057,0.02428,2.6,0.158962361320411,0.0903818498332407
"y1...809",0.0740129388335871,0.873904134230322,0.01502,4.2,0.254054978307588,0.103112120032397
"y1...810",0.0676939135496506,0.894358287521214,0.00055,6.1,0.267269921400663,0.111841427748846
"y1...811",0.00808879822764507,0.103956137370884,0.00975,21.1,1.74701643841917,0.124335243522752
"y1...812",0.0228622912077232,0.298455627094487,0.00458,12.9,0.898363694662135,0.146253916706763
"y1...813",0.111651601451052,1.37882721890291,0.00042,3.9,0.167813641190443,0.105056321818543
"y1...814",0.119483679834939,1.38142037428711,0.00053,3.7,0.17648049633704,0.111640381843137
"y1...815",0.10904970100346,1.38157338492237,2e-05,3.9,0.162614128390906,0.10153374448234
"y1...816",0.131110585076215,1.65952439024447,0.00047,3.1,0.128681946473093,0.0945317230513603
"y1...817",0.134302533742795,1.56395276060829,0.00015,3.3,0.15134319779562,0.107020710741936
"y1...818",0.123023370200785,1.41532518824751,4e-05,3.4,0.167881082233889,0.108047975752687
"y1...819",0.0301359263623385,0.401347380022254,0.00404,10.6,0.636067807673068,0.131788960430435
"y1...820",0.0463178898508354,0.503453864024874,0.01455,6.5,0.491749559363544,0.128119527357994
"y1...821",0.0577932099336543,0.675284897627836,0.01574,5.1,0.329072182772475,0.106835107195099
"y1...822",0.034632469092806,0.444391538252185,0.00524,9.2,0.559910839087376,0.127429333658027
"y1...823",0.117371056937052,1.3840710600374,0.00048,3.5,0.168174680868651,0.105654217276029
"y1...824",0.0350864407319086,0.417858432998065,0.01636,7.2,0.515643590625497,0.111515606797078
"y1...825",0.125866016544046,1.44093517854538,6e-04,3.5,0.168540857817312,0.110831571079682
"y1...826",0.0928232269358782,1.17378576579986,2e-05,4.6,0.197354954945542,0.106228439664138
"y1...827",0.0721853974856818,0.873730793927032,0.01246,4.3,0.249934084283149,0.10118343065155
"y1...828",0.0862943053151791,1.07098343635132,0.01919,3.3,0.193001382076711,0.0903882755345294
"y1...829",0.213214961837946,2.6547402930287,0.00376,1.6,0.078815988217905,0.0832542204356071
"y1...830",0.079925949130124,0.958270734056728,0.01182,4,0.229654854479627,0.101058046438242
"y1...831",0.0964740954394117,1.12426933329443,0.00078,4.7,0.230628555684227,0.121296065173899
"y1...832",0.0400446511583957,0.520952918298474,0.00329,8.8,0.498801764432966,0.129934435375651
"y1...833",0.139028818085862,1.55721537487319,0.00048,3.1,0.15470487996228,0.109049542270341
"y1...834",0.0164738886333939,0.192512336884677,0.00847,15.1,1.34535647441035,0.159469710600565
"y1...835",0.122903595644831,1.59080495529277,0.00067,3,0.129115912415172,0.0899894589536336
"y1...836",0.0594330178282909,0.704326834140377,0.01613,4.9,0.312703453615241,0.105022169751038
"y1...837",0.128231623631054,1.7538208848634,0.00048,2.6,0.109103917275143,0.0811909295617319
"y1...838",0.158673875896957,1.78485459622468,7e-04,2.6,0.130270970117107,0.102988926427573
"y1...839",0.161289519705965,1.91439311602367,0.00202,2.4,0.114187300396954,0.0947541623954006
"y1...840",0.180417675753927,2.20234631773276,0.00141,2.1,0.0958790467527295,0.0895858243978943
"y1...841",0.0231927021235342,0.260510878626163,0.00787,12.4,1.09564296945253,0.167060839667867
"y1...842",0.155159305177499,2.02129404796054,0.00142,2.2,0.0985280432603782,0.083245450895134
"y1...843",0.0652831816991054,0.712024296529575,0.00177,6.9,0.442666865606729,0.157570900029864
"y1...844",0.0709987878740542,0.778259674859684,0.01499,4.6,0.306199786383036,0.114353071091744
"y1...845",0.0490164450781743,0.628128504056245,0.01349,5.6,0.326523278801641,0.0977061038380631
"y1...846",0.0255948815638592,0.328212455077572,0.00596,11.3,0.772433952922614,0.136476324870543
"y1...847",0.104167427620512,1.2293548355625,8e-05,4.4,0.202580674212673,0.115171541891713
"y1...848",0.0717593068497621,0.990450987446009,0.00041,5.5,0.22322340424486,0.10158248172839
"y1...849",0.102776303848412,1.28958877083894,0.00119,3.9,0.173299481459341,0.101327569641772
"y1...850",0.151500899860743,1.81092216659392,0.00078,2.6,0.120981271344769,0.0959178875592424
"y1...851",0.0519196991265035,0.703716964316712,0.02039,4.6,0.264349918973779,0.0835513647037891
"y1...852",0.132591022243107,1.54035694968548,0.02528,2.3,0.143505093545659,0.0916338316407706
"y1...853",0.0995001164376871,1.25705837296449,6e-05,4.1,0.17728050122563,0.101170220794222
"y1...854",0.162558645780974,1.88618165049885,0.00114,2.5,0.119212109066233,0.0986211735827586
"y1...855",0.200790246818204,2.24495467109088,0.02309,1.6,0.104698601799883,0.0911688030204871
"y1...856",0.0387959448417965,0.468652931832679,0.00413,9.3,0.613323724011103,0.148641823172888
"y1...857",0.16971500266566,2.08519669420356,0.00015,2.1,0.10071095002829,0.0881666547545921
"y1...858",0.082821309686768,0.950061051032202,0.00144,5.6,0.29172141737009,0.132408320739025
"y1...859",0.0519598783146982,0.648087424575795,0.02121,4.8,0.307476412161778,0.0926197661533755
"y1...860",0.0148045039847029,0.163499964172176,0.00851,16.6,1.68359239883762,0.179670995641782
"y1...861",0.105602407653867,1.24730166411428,3e-05,4.1,0.192784461661461,0.110616293905006
"y1...862",0.150184995120546,1.70281635059175,0.00063,2.8,0.137218831222545,0.1043256850643
"y1...863",0.160283571772311,1.96012902287523,0.00139,2.3,0.107968259813991,0.0904567742312402
"y1...864",0.192519021691847,2.19833759631321,0.00158,2.1,0.102275737359322,0.0967571329251009
"y1...865",0.220734416860964,2.54009845334556,0.00513,1.6,0.0884855549194849,0.0901816994782597
"y1...866",0.0191894282009951,0.251053136271021,0.00761,12.9,0.919905604065005,0.129559188354459
"y1...867",0.136773076278605,1.72358016606737,4e-05,2.7,0.120836251101492,0.0905043944955357
"y1...868",0.105495097519795,1.16861062138123,0.00042,4.4,0.226545866577368,0.124277961248599
"y1...869",0.0191438317812042,0.227429248295293,0.00766,13.8,1.16946888674633,0.157187829832794
"y1...870",0.054660375528425,0.646755236280196,0.01369,5.4,0.347142641020054,0.108990212065382
"y1...871",0.0523945760212654,0.618655214240484,0.01488,5.5,0.360589239806345,0.108836501424788
"y1...872",0.18941876607886,2.48857860222021,0.00408,1.7,0.0802293652668758,0.079017781545052
"y1...873",0.11230259543749,1.38494735613913,0.00044,3.7,0.163589037366078,0.102488197704666
"y1...874",0.0962045148917989,1.1554018853461,0.01942,3.1,0.18468765250405,0.0932289552270459
"y1...875",0.109168678418395,1.26951018212489,0.00031,3.8,0.189024744959757,0.110216045254461
"y1...876",0.0556476797813694,0.656056969651003,0.00233,7.5,0.445424872904438,0.145076511509367
"y1...877",0.12053948796739,1.55043441090748,0.00055,3.3,0.136551886498127,0.0939905548100499
"y1...878",0.12831810356972,1.49155687283516,0.00089,3.2,0.155645905573002,0.104650328956893
"y1...879",0.134090204330504,1.59037802440467,0.00025,3.1,0.142995704459497,0.101818110269192
"y1...880",0.00992212903257021,0.117223936550767,0.00916,20.2,1.92123515501834,0.155147887453395
"y1...881",0.0957118236517633,1.12010361891419,0.00108,4.5,0.224038476876859,0.117065485750486
"y1...882",0.15423708197794,1.96360313660889,0.00154,2.3,0.103755723490861,0.0863300152142139
"y1...883",0.124840242883126,1.54755190433624,0.00023,3.1,0.139539508545696,0.0957829168194728
"y1...884",0.0993310379268003,1.17354851581487,0.00119,4.3,0.209034420823086,0.113660851187835
"y1...885",0.0903330944825414,1.21448913673784,0.00079,4.2,0.17302274327454,0.0947270277072928
"y1...886",0.11375314372469,1.38971943905462,0.00132,3.4,0.159497894690188,0.0995687941900753
"y1...887",0.0900412224357187,1.18910493813957,4e-04,4.4,0.181431657119143,0.0978028663509698
"y1...888",0.0661592684032535,0.862082739093222,0.00021,6.5,0.295321663677755,0.120052841432079
"y1...889",0.21112837697057,2.67203181395635,0.0032,1.6,0.0771718366276534,0.0818533443951659
"y1...890",0.0364906565589546,0.405088361250153,0.00739,9.1,0.708531428013193,0.155015403878796
"y1...891",0.120261788320947,1.46430334385359,0.00093,3.5,0.155288282246933,0.102549796495659
"y1...892",0.116633574316967,1.42506974168194,2e-04,3.7,0.161742560839733,0.104393180503357
"y1...893",0.091281230144774,1.1183539397037,0.00021,5,0.225879957215717,0.117366421172178
"y1...894",0.0722493468805901,0.851627005378155,0.01717,4.1,0.254547955646624,0.0996098477577908
"y1...895",0.196152181628011,2.30615213913367,2e-05,2,0.0946194822918374,0.0927389670854729
"y1...896",0.0950632057201238,1.29748757309773,0.00027,4.1,0.158293626028878,0.0918725044407851
"y1...897",0.0441766581571044,0.589722747969719,0.00305,8.1,0.420817297024071,0.121356270957941
"y1...898",0.223807820723422,2.51848450864741,0.00198,1.7,0.0901410631892303,0.0939454792011515
"y1...899",0.142071394296733,1.59060942295455,0.00019,3.1,0.1521730544552,0.109591892559017
"y1...900",0.156418444085793,1.85486663781459,0.00054,2.5,0.11844209334581,0.0957932777153263
"y1...901",0.14033592594894,1.66005863043533,0.0015,2.8,0.134233835236165,0.0985154397847291
"y1...902",0.0394444074410517,0.476286123275455,0.00194,9.9,0.65484634299711,0.161141641524084
"y1...903",0.0451866573161744,0.579877150894612,0.002,8.7,0.474959957456105,0.136369115733547
"y1...904",0.140042099325215,1.69339728805696,0.00063,2.9,0.130201339680964,0.0976657261684297
"y1...905",0.0776933658884261,1.03731692937399,0.01323,3.7,0.188930816732342,0.0864338873698543
"y1...906",0.0509703158377169,0.623918012311584,0.0037,7.4,0.427174618678282,0.131832095612832
"y1...907",0.145858581251387,1.79558058448532,5e-04,2.8,0.120337839858524,0.0951419827227327
"y1...908",0.239383450980109,2.85538992293224,0.00285,1.5,0.0760331080921735,0.08666809505098
"y1...909",0.0750945275628479,0.857173481535736,0.01606,4.2,0.266745381412014,0.107148428506152
"y1...910",0.113968406810428,1.23621742714604,0.00125,4,0.214403264944512,0.124065262881862
"y1...911",0.00544947380999413,0.0650231598436675,0.01052,26,2.29758774307994,0.119124730567603
"y1...912",0.027907587178929,0.318624944453994,0.0063,11.3,0.925739078195488,0.165257145028619
"y1...913",0.0824711947709023,1.17425102551642,8e-04,4.5,0.171100613703779,0.0901648537028278
"y1...914",0.168188228741094,1.97046620865475,1e-04,2.3,0.111908250084958,0.0952119400776683
"y1...915",0.0471820897605131,0.497121322231975,0.01609,6.3,0.494395199481069,0.127878652523642
"y1...916",0.17778571089372,2.11713215838999,0.00323,2.1,0.10205599239723,0.0916167216710172
"y1...917",0.0743166975993869,0.931712263701391,0.01831,3.8,0.220539764929885,0.0920533595680815
"y1...918",0.114687817862056,1.53228443754364,0.00033,3.1,0.130090912557816,0.0870780912534207
"y1...919",0.198518283767937,2.42803306594459,0.00178,1.9,0.0865121959168465,0.0879292085442981
"y1...920",0.166689339806798,2.12629044584293,0.00038,2.1,0.0953942240449654,0.0847158794564292
"y1...921",0.22256713058816,2.66417571723339,0.00068,1.5,0.0824581472288292,0.0855029721345595
"y1...922",0.146641299533844,1.84260484056132,4e-05,2.5,0.112575538877093,0.0892912710313171
"y1...923",0.0795316160204053,0.968758698923859,0.00018,5.6,0.26634103000076,0.121595729190084
"y1...924",0.105830046342173,1.21111966371081,0.00043,4,0.204289100880107,0.114644509877823
"y1...925",0.0399087839631723,0.493320811341432,0.0155,6.5,0.427259728315476,0.105088405624158
"y1...926",0.177893623742861,2.00696097924173,0.00175,2.3,0.114081273064597,0.0998672047547329
"y1...927",0.158594809198611,2.04913907473392,0.00167,2.1,0.0980008979165343,0.083006383046112
"y1...928",0.110626523882991,1.58339205891372,0.00062,2.8,0.115894072653215,0.0775526616501742
"y1...929",0.222836767434187,2.79578492752109,0.00229,1.5,0.0748971595410921,0.0818124862198009
"y1...930",0.0453663700072019,0.475194281558084,0.01795,6.3,0.50707961357801,0.126092514499573
"y1...931",0.265649621098402,3.34134436410785,0.00029,1.2,0.06510520938828,0.0793660119000166
"y1...932",0.0946155191066737,1.18913294608987,0.00036,4.6,0.197000519898361,0.107484834350014
"y1...933",0.0614555662719556,0.683733084893012,0.01726,4.9,0.340682629909903,0.113186644886664
"y1...934",0.0901817616535188,1.07593481427597,0.01754,3.4,0.200802492892784,0.0964103566241954
"y1...935",0.170134895774527,2.1089688019999,0.00059,2,0.0989312605504415,0.086106216070112
"y1...936",0.134098310037959,1.67768196464531,0.00114,2.9,0.126654517365285,0.0934694837091338
"y1...937",0.0192479682448663,0.252148833555745,0.00692,13.3,0.952180227908347,0.134674894851852
"y1...938",0.128021784907474,1.45522388775611,0.00075,3.5,0.168630347343408,0.112123549563739
"y1...939",0.114122390678825,1.48516895232451,0.00016,3.4,0.141076055139598,0.0930685553059551
"y1...940",0.151354977910323,1.83041661136187,0.00019,2.5,0.117596539727746,0.0933509129296497
"y1...941",0.0759221344751297,0.872407903328976,0.00102,6,0.327344614752945,0.137742890603428
"y1...942",0.087269976889268,1.00372107684244,0.00136,5.1,0.262749637932709,0.124946755290835
"y1...943",0.085862939861089,1.00185185228911,0.00115,5,0.258334084745882,0.122270140364713
"y1...944",0.193667202651933,2.26349578082492,0.0028,1.9,0.0969785197137952,0.0916084837833339
"y1...945",0.0358299583047648,0.472858827788328,0.00369,9.5,0.54789560712629,0.130880284796823
"y1...946",0.0431299555661228,0.559712991840629,0.00469,7.6,0.420423075291078,0.116102567950822
"y1...947",0.0325670699268842,0.403420258498305,0.00542,9.8,0.656573894320947,0.139092223467652
"y1...948",0.120374487586239,1.50982174914188,0.00018,3.4,0.144977986883763,0.0979046055775129
"y1...949",0.0800987469932702,0.977563170399948,0.01501,3.8,0.218271282168288,0.0965888747082445
"y1...950",0.175456303338468,2.01931263900727,0.00048,2.3,0.111259338260574,0.0976388543991696
"y1...951",0.0286896313400764,0.332371191384538,0.01404,8.8,0.681783327676342,0.123940599417057
"y1...952",0.0390519998575805,0.454097817220065,0.00611,8.7,0.603425337409523,0.143420234290526
"y1...953",0.0466354070715361,0.576068162621096,0.00414,7.8,0.453625578928628,0.130271694197229
"y1...954",0.0146000792293785,0.182108647957291,0.00755,16.2,1.35287146377898,0.15014946648421
"y1...955",0.114261078507063,1.29447690503444,2e-05,3.8,0.191994842293543,0.114697551688162
"y1...956",0.154300287785942,1.73577675699156,0.00138,2.9,0.137697311219617,0.107415427446913
"y1...957",0.00730418421035241,0.0848839225126109,0.01014,23.2,2.22053292065056,0.141856784587234
"y1...958",0.103584127522138,1.20319862112312,0.00148,4.2,0.206937739371698,0.115455159730808
"y1...959",0.225038904578876,2.74377158674536,0.00236,1.5,0.0783970143690377,0.0841709124154095
"y1...960",0.201470930750698,2.52077504751594,0.00143,1.6,0.0835389649469976,0.0822041992259656
"y1...961",0.0375212274128309,0.419760504312278,0.00572,9.4,0.719826311101059,0.16213787844604
"y1...962",0.201589667337415,2.4568273248142,0.00039,1.7,0.0866557068985622,0.085675501771393
"y1...963",0.0371103804354649,0.466138115264057,0.00484,9,0.560857938468905,0.133790119204416
"y1...964",0.089252297969794,1.15889144650866,0.00029,4.6,0.192902147063825,0.102062420536922
"y1...965",0.185752948506044,2.09061429264094,0.0013,2.3,0.110134838230962,0.100840633655861
"y1...966",0.181499655115971,2.23546129258502,0.00123,1.9,0.0938771262882817,0.086181631134432
"y1...967",0.157307969007372,1.77552688675164,0.00013,2.7,0.1316829400904,0.104099417948539
"y1...968",0.0165520085537098,0.191634912997282,0.00853,15.1,1.36455972887534,0.161702358038529
"y1...969",0.148974460774194,1.82746063998375,8e-04,2.5,0.116143074386277,0.0917529410804642
"y1...970",0.17150626031058,1.98234229687965,0.00098,2.3,0.112730429430696,0.0968416546784089
"y1...971",0.0414710677983012,0.566914790725832,0.01556,5.9,0.335201802037678,0.0900891581706376
"y1...972",0.192581998959441,2.15873343410787,0.00127,2,0.105615420924887,0.0969371136660603
"y1...973",0.100216705470587,1.27021314433077,0.00122,3.7,0.169670591039101,0.0970036315190847
"y1...974",0.0104860631359691,0.124590714909729,0.00913,19.5,1.82777534832856,0.154188798570398
"y1...975",0.145070401506523,2.00314096844217,0.00197,2.2,0.0942996583454648,0.0777607440866861
"y1...976",0.107367288272556,1.429922596082,5e-04,3.4,0.141953790490648,0.0897005550893785
"y1...977",0.0667220238382974,0.906442910465735,0.01382,4.1,0.210948349348184,0.0847005670467931
"y1...978",0.0722202091459826,0.817632597246164,0.01637,4.3,0.280570818681645,0.108185095478512
"y1...979",0.0478255443677703,0.561517192504638,0.00344,8.1,0.517249896612084,0.147283943531359
"y1...980",0.0111469896621863,0.136888324552981,0.00905,18.5,1.63078917299833,0.145852126168244
"y1...981",0.0752441550345566,0.862992182241787,0.00348,5.4,0.304895017225808,0.126560752391944
"y1...982",0.144152491338221,1.82993797212567,0.00036,2.7,0.113644181256041,0.0906317941296979
"y1...983",0.0775233356561793,0.991572815188226,0.00066,5.3,0.237498617936942,0.109499080550133
"y1...984",0.136003762712148,1.68672786281614,0.00019,3,0.128444447355757,0.0959246319043201
"y1...985",0.231706573266639,2.87746352775554,0.00649,1.4,0.0746170889809132,0.0816693322055547
"y1...986",0.0501878899324738,0.619527634443866,0.02168,5,0.327573134411971,0.0959784292369554
"y1...987",0.142871313362597,1.93006737432566,0.00105,2.3,0.0998662442548658,0.0803666072562974
"y1...988",0.174503014405548,1.9183967249719,0.00067,2.4,0.122854560638527,0.103871911351981
"y1...989",0.110342921454582,1.33281503024729,0.00023,3.9,0.176665145031491,0.107446606403271
"y1...990",0.0344559827941169,0.42227902501308,0.00525,9.6,0.635929424315485,0.140399806869552
"y1...991",0.0943315585233399,1.29015885535198,0.02845,2.6,0.148670861272749,0.0764014087055479
"y1...992",0.111217107697911,1.47671360943942,0.00014,3.2,0.136250369355571,0.0882872353675485
"y1...993",0.0290349365079853,0.35662088420488,0.00447,11.4,0.818202982391542,0.157055159901022
"y1...994",0.108061868093601,1.36290470762394,0.0011,3.5,0.158103849424321,0.0965011367748307
"y1...995",0.206720769151344,2.79956774988131,0.00305,1.5,0.0704033342333431,0.0753444535093244
"y1...996",0.0912980022415392,1.05458107818905,0.00051,5.3,0.260176234056054,0.129609275497516
"y1...997",0.0722618918744006,0.857150732005674,0.00175,6,0.316732471327446,0.130276235901806
"y1...998",0.0438235144684678,0.499697813103874,0.00287,9.2,0.639281783423169,0.166151813125796
"y1...999",0.0820859325457921,1.10526174482382,0.00141,4.7,0.195356217272519,0.0983514862275033
"y1...1000",0.10551972566477,1.26174018541496,0.00036,4,0.188450544464914,0.109081589713579
