"","G","r","eps","T2","L","M"
"mu...1",62.7481911293953,31.142314936846,0.05696,39.9,22.4929220620937,11.5884631555698
"mu...2",62.640958507367,30.9659377479645,0.05117,39.8,22.1981091421529,11.4561509496153
"mu...3",62.7260415346686,30.9856098124209,0.04949,44.2,39.6671977809075,20.4439506382129
"mu...4",62.7411113871879,30.7233651541886,0.04196,36.7,14.7465056088076,7.59832875274371
"mu...5",62.7343272668499,31.5618836826418,0.04319,39.8,22.1981087253638,11.4391018988936
"mu...6",62.7307550495687,31.2905102985125,0.03499,40.4,24.0267685874676,12.3821497044834
"mu...7",62.692630646448,31.2020408033157,0.04129,39,19.9745405043751,10.3000996656197
"mu...8",62.7117518515183,30.5843195670189,0.03991,39.5,21.3366523741986,10.9991348250065
"mu...9",62.687743752019,30.9357654536305,0.0516,38.6,18.9477301830705,9.77137624590018
"mu...10",62.8634523666583,30.9971303475787,0.04583,37.8,17.049749583437,8.76800808684664
"mu...11",62.5755801461213,31.1854428467474,0.04079,37,15.3418884337661,7.92601854643118
"mu...12",62.7315161790052,31.422761316226,0.06102,35.4,12.4222544684082,6.40170796873346
"mu...13",62.6081461677179,31.3778945587789,0.05211,42.2,30.467269967022,15.7319994179532
"mu...14",62.8266707562829,31.0805279428034,0.05738,36.6,14.5532243936913,7.48852575387118
"mu...15",62.7526776567117,30.789871056073,0.05072,36.5,14.3624763318129,7.39908834757693
"mu...16",62.8145982209299,31.1736762251109,0.0545,36.2,13.8051022128422,7.10493642574935
"mu...17",62.7330424361493,30.8338892056419,0.03797,42.4,31.2819160857981,16.1204870130105
"mu...18",62.7649468418951,30.6532251360349,0.03681,43.4,35.6937625181497,18.3846913364173
"mu...19",62.7575233988983,30.7912089389793,0.03788,38.3,18.2124130561089,9.38172962169102
"mu...20",62.7305686441307,31.7249601100703,0.03355,49.6,80.8809145808716,41.6819442262139
"mu...21",62.6829398495502,31.0639785942596,0.06289,34.6,11.1779264890633,5.76491692223021
"mu...22",62.6773027248293,31.4793459789162,0.04712,51.5,103.923586399785,53.6024934267157
"mu...23",62.5680688740478,30.6986002362939,0.03213,47.3,59.7115551466789,30.8522456133385
"mu...24",62.7695936341317,30.6168177356744,0.05013,38.4,18.4542921944958,9.5044998132407
"mu...25",62.8213667271331,30.6859693023824,0.0646,34.1,10.4643379680109,5.38499788988831
"mu...26",62.6894320100186,31.228957987105,0.05762,36.6,14.5532237541652,7.50492052126962
"mu...27",62.7797016155106,31.0297712634894,0.06071,34.7,11.3263804208257,5.83247745384335
"mu...28",62.7138471365052,30.6881339642493,0.05171,41.2,26.7014319696032,13.7642431198691
"mu...29",62.6842540113568,31.0775979368515,0.03404,40.8,25.3288202981582,13.0628424447912
"mu...30",62.7399256670926,30.7352579341921,0.04752,39.9,22.4929224128983,11.5899885926153
"mu...31",62.6559748506323,31.0848194179919,0.04561,38.8,19.4543619401659,10.037733646695
"mu...32",62.7680890775516,31.141581677691,0.04897,39.6,21.6200241177431,11.1352116533254
"mu...33",62.6361784356008,31.0332659478343,0.03758,45.5,47.0890802242275,24.3039068075619
"mu...34",62.6399072863221,30.7865271351323,0.05776,36,13.4455891845523,6.93920730053545
"mu...35",62.6013969730707,31.0702057000413,0.05072,34.9,11.6292296235855,6.00548485938923
"mu...36",62.7533735008797,31.1779537152245,0.05974,33.6,9.7963038964637,5.04668701684695
"mu...37",62.7436207241114,31.1336376375889,0.05704,35.1,11.940176595519,6.15208456646469
"mu...38",62.706827593016,31.1248328476914,0.05017,38.1,17.7381246242194,9.14479636492924
"mu...39",62.7555544400821,30.654464820434,0.04305,40.2,23.4010623918909,12.0549270524803
"mu...40",62.7759463025252,31.1568621609906,0.05374,35.2,12.0987535903674,6.23058107741854
"mu...41",62.6709196723203,30.8005662790638,0.04438,39.9,22.4929217799677,11.6027514514116
"mu...42",62.7205823063281,30.8147542582922,0.04678,39.1,20.2398217633274,10.4322452867365
"mu...43",62.7263401841084,30.6511539554937,0.03216,42,29.673840121091,15.293432209359
"mu...44",62.7428483215867,31.2512141840237,0.05067,37.6,16.6057389612929,8.55608613236669
"mu...45",62.6697872483909,30.875212200302,0.05999,35.7,12.9237967866007,6.66673396989494
"mu...46",62.7502495943779,30.7991190762671,0.0476,35.4,12.4222547400596,6.39979639000316
"mu...47",62.7696816243419,30.7195767603848,0.0662,39.8,22.1981086603491,11.432658808692
"mu...48",62.6575566346743,31.1426918803823,0.05766,38.5,18.6993833835841,9.64795025957893
"mu...49",62.7654781098853,31.4378492903237,0.05897,34.4,10.8868300122768,5.60740334083429
"mu...50",62.7738168371975,30.9653867381366,0.04947,35.2,12.0987539330551,6.23079198831004
"mu...51",62.7754986420862,30.5459395597832,0.05053,39.8,22.1981090952277,11.4315983281609
"mu...52",62.7213781516471,30.6933215488737,0.04946,38.6,18.9477302424189,9.76613622167206
"mu...53",62.7754610696475,31.1347051789256,0.06273,34.7,11.3263804873033,5.83287133436001
"mu...54",62.8057289575765,31.5281636881266,0.04939,36.5,14.3624763129817,7.39283857994354
"mu...55",62.8020716632563,31.021776475082,0.06069,38.5,18.6993839602279,9.62574767035811
"mu...56",62.7133569970645,30.8700386482283,0.03606,37.9,17.2761876555257,8.90571911052972
"mu...57",62.6827454027075,31.2381428250773,0.04982,35.9,13.2693584730614,6.84357599577526
"mu...58",62.7399269950077,31.095877503414,0.03437,43.1,34.3085714838715,17.6782710196574
"mu...59",62.7032137187633,31.0256037434998,0.03955,44.9,43.5051642556303,22.4301510751571
"mu...60",62.7852385996146,30.8002762891203,0.06212,36.8,14.9423540236708,7.69383078213214
"mu...61",62.6686196981703,31.2652343870008,0.08209,37.4,16.1732911611887,8.34313870216741
"mu...62",62.8433175940854,31.2888336013338,0.06835,35.6,12.7544061326068,6.56118499765573
"mu...63",62.8655971670177,31.0786654359059,0.049,38.2,17.9737045923761,9.24284618383227
"mu...64",62.6738659533101,31.4150683802631,0.04123,41.7,28.5222680296383,14.7122378392026
"mu...65",62.6857690866491,31.0330326749753,0.05057,43.7,37.1348802323801,19.1511236157656
"mu...66",62.7134401981631,31.279617831911,0.05203,35.9,13.2693586799195,6.84022610198846
"mu...67",62.7143162826206,31.1585444062811,0.04645,36.1,13.6241598114956,7.0230248004042
"mu...68",62.6809221014059,31.1377788875191,0.046,39.3,20.7810017846009,10.7179639820918
"mu...69",62.8079735839645,31.2249368875345,0.03899,42.4,31.2819155992759,16.1012563479617
"mu...70",62.8384421469811,30.7625914612388,0.05247,44.2,39.6671977805386,20.4073819509483
"mu...71",62.7444344685101,31.0775675009527,0.04153,37.5,16.3880888174039,8.4437285830486
"mu...72",62.7807483666658,31.2194481233397,0.04796,38.8,19.4543617633991,10.017784616775
"mu...73",62.6801439643783,31.0640398148811,0.04262,37.2,15.7521052052288,8.12437238723572
"mu...74",62.6781538127501,31.1593020644832,0.04392,36.3,13.9884477502021,7.21496951642668
"mu...75",62.7044917129285,30.5057940516903,0.03657,39.6,21.6200241903546,11.1465052167842
"mu...76",62.7219488159203,31.9398644878951,0.03742,43.8,37.6280681544909,19.3942754791367
"mu...77",62.8607564728997,31.0892990390245,0.03989,41.9,29.2849067482915,15.060709973059
"mu...78",62.5995391376159,31.1644121757658,0.04669,39.6,21.6200242495592,11.1651930430337
"mu...79",62.8056225374386,31.3350518200008,0.05217,35.3,12.2594374751777,6.31034591877126
"mu...80",62.7026391039414,31.6664982782747,0.04875,38.7,19.199375090363,9.89879748199191
"mu...81",62.762378647238,30.8207692628706,0.03985,38.6,18.9477302203518,9.75975607085174
"mu...82",62.7569129782669,31.6576386231973,0.03989,39.4,21.056994887685,10.8471577991005
"mu...83",62.7147791008265,31.4448067786998,0.0416,37.1,15.5456436317172,8.0134588388473
"mu...84",62.7111999208405,31.0309246055187,0.04693,38.3,18.2124129904082,9.38865936082786
"mu...85",62.6417284364153,31.1210535006253,0.04812,36.7,14.7465055971186,7.61038372061322
"mu...86",62.6836253093875,30.791520224712,0.03112,46.4,53.0260518666691,27.3474215820102
"mu...87",62.6594398481325,30.8818409844574,0.03938,48.9,73.7457096595567,38.047964747562
"mu...88",62.7722303123927,30.7482913952794,0.04139,38.1,17.7381245603306,9.13526852343658
"mu...89",62.745884693869,30.5657655085278,0.06449,32,7.93202149813531,4.08676626968393
"mu...90",62.5980088785725,30.9281473342018,0.03813,41.9,29.2849069602495,15.1239247042916
"mu...91",62.677776086428,31.1184565094087,0.05218,37.3,15.9613092164944,8.23258273884196
"mu...92",62.7289733247923,30.8231439969339,0.04291,37.4,16.1732913188657,8.33511126007161
"mu...93",62.7808331240474,31.091441374587,0.0513,37.3,15.961309531866,8.2190679036967
"mu...94",62.6387264081503,31.039694808934,0.04872,44.6,41.8168311186501,21.5818848528823
"mu...95",62.7192909593371,31.0276325556053,0.04602,38.5,18.69938352273,9.63845333240782
"mu...96",62.7163631636278,31.0657406474706,0.03488,44.8,42.9349449486789,22.131520078131
"mu...97",62.8698875725169,30.9830693434698,0.04721,41.7,28.5222678631797,14.6663667875374
"mu...98",62.7647118870745,30.5719245952181,0.04552,37.2,15.7521054072796,8.11342553326177
"mu...99",62.7747320409723,30.7141159854711,0.05119,38.3,18.2124133115433,9.37915691282186
"mu...100",62.7090915060425,31.3674912070336,0.06892,34.1,10.4643375362345,5.39463973391667
"mu...101",62.7850465617658,31.059092448812,0.06167,41,26.006072219896,13.3905897440431
"mu...102",62.6141660327539,30.6114960836107,0.04679,37.9,17.2761873654502,8.9198276449881
"mu...103",62.7573009581937,31.1352432746086,0.04207,42.2,30.4672702040074,15.6946084909235
"mu...104",62.8204525053038,30.6925854740588,0.06273,36.9,15.1408031816882,7.79164279301959
"mu...105",62.6623558415696,30.6463017493363,0.03376,40.1,23.0943461472524,11.9146183650513
"mu...106",62.817222100432,31.3222166196303,0.06418,31.9,7.82805724023685,4.02862083137388
"mu...107",62.7188881891895,30.9332363528105,0.05943,38.4,18.4542926389058,9.51218280047263
"mu...108",62.6526116558482,31.1005399243745,0.04455,39.7,21.9071600426952,11.3038939177442
"mu...109",62.8360387198957,31.5863909641199,0.03689,41.3,27.0560541013471,13.9199230372759
"mu...110",62.7355410593332,30.7372460475963,0.04949,41.9,29.2849070079977,15.0907694728202
"mu...111",62.7277447763878,31.3141851202469,0.046,34.9,11.6292295376124,5.99338854461481
"mu...112",62.7109399938038,30.884868712639,0.04187,41.7,28.5222674336616,14.703541105757
"mu...113",62.8354596965885,30.9133145957738,0.04504,39.2,20.5086267177644,10.5514701438961
"mu...114",62.8300840322763,30.7657447025996,0.04061,38.1,17.7381245744813,9.12685669623766
"mu...115",62.7431438392756,31.6788201212645,0.05007,41.4,27.41538537778,14.1256772395199
"mu...116",62.6466171481781,31.3988820722189,0.08508,35.8,13.095438101413,6.75777270721871
"mu...117",62.721404682625,31.0050310503535,0.04567,36.1,13.6241595022177,7.02223150900267
"mu...118",62.7203548265563,31.1095866077451,0.03897,44.1,39.1472827115832,20.1778219695689
"mu...119",62.7460703091248,31.5786275860021,0.0755,40,22.7916502126716,11.7427664503619
"mu...120",62.7469039998689,31.3415072856954,0.04215,39.6,21.6200245017713,11.1389704313289
"mu...121",62.7231245917859,31.4864602069355,0.04748,37.5,16.388088696459,8.44659741851571
"mu...122",62.8157914372132,31.3015213892867,0.04341,41.5,27.7794895513357,14.2967255091184
"mu...123",62.8031877807763,31.0122559451818,0.05732,34.2,10.6033148840247,5.458095208229
"mu...124",62.6790800047954,30.741296245216,0.04118,40,22.7916507152158,11.755316136339
"mu...125",62.6914249053524,30.7078927126985,0.05089,34.6,11.1779263322596,5.76413692076302
"mu...126",62.7745333885695,31.0959372722047,0.05046,36.1,13.6241598305206,7.01628765113985
"mu...127",62.6946334270775,30.6881045045624,0.06305,38.9,19.7127354450572,10.164772982311
"mu...128",62.651413131329,31.1803005017227,0.04752,39.6,21.6200244560325,11.1559481704623
"mu...129",62.5802885918065,30.9152075171523,0.04527,35.4,12.4222546677673,6.41717771511072
"mu...130",62.7193578742338,31.2776110759288,0.03579,39.4,21.0569946240041,10.85365327227
"mu...131",62.7078886233351,30.510467729616,0.04007,37.7,16.8262793347839,8.67455373405671
"mu...132",62.7422452066761,31.179333112957,0.06706,35.3,12.2594373286386,6.31672035011609
"mu...133",62.8238687692411,30.5164928241046,0.04297,38.5,18.6993837483228,9.62240867943803
"mu...134",62.6686259942351,31.7318027598326,0.03583,40.4,24.026768982637,12.3944243667915
"mu...135",62.7606211652548,31.2684213033117,0.04369,37.6,16.6057390349478,8.55366308580193
"mu...136",62.7191456984609,30.9580655612124,0.05242,42.6,32.118343820354,16.5551904076842
"mu...137",62.7953999602645,30.5544461652402,0.05579,37.5,16.3880886961323,8.43687587246745
"mu...138",62.7724681159102,31.1961976917302,0.03282,41.6,28.1484287159747,14.4965989218954
"mu...139",62.7171095529576,31.2449157371485,0.05295,38.4,18.4542927987627,9.5124523667199
"mu...140",62.7674317117211,31.5288868361718,0.05295,38.1,17.7381246062116,9.13596661097275
"mu...141",62.7778285136577,31.0942794204703,0.04392,35.7,12.9237970792599,6.65525998145644
"mu...142",62.701792448289,31.5648845298588,0.05268,42.6,32.1183436370542,16.5597725598004
"mu...143",62.7527505145965,30.9862244622859,0.04125,45.2,45.2616631777689,23.3173347354587
"mu...144",62.7602046183127,31.1125246272936,0.05421,37.4,16.1732914422691,8.33096332197721
"mu...145",62.738892006843,30.9577265115596,0.04142,40.7,24.9968380443814,12.8804001282156
"mu...146",62.6698219778911,31.6643226081063,0.0416,39,19.9745401108476,10.3038491778268
"mu...147",62.7120453205782,30.8381186862913,0.03634,42.4,31.2819162248678,16.1258842674018
"mu...148",62.7564176778098,31.3752581830534,0.04087,41.9,29.2849074621523,15.0857482818947
"mu...149",62.6595512218952,31.1589328091428,0.05089,38.6,18.9477303596561,9.77577237289699
"mu...150",62.7839741823027,30.824609486615,0.04776,40.3,23.7118517955243,12.2094986556448
"mu...151",62.7039194965133,30.8385721306589,0.04688,34.9,11.629229719431,5.99566565406941
"mu...152",62.755444329053,30.9928660746829,0.03683,43.8,37.6280684681218,19.3839232668414
"mu...153",62.7342404371139,30.997902479542,0.04839,41.6,28.1484282204288,14.5054341001933
"mu...154",62.6827231580959,30.9626897088296,0.045,40,22.7916505862683,11.7546333572841
"mu...155",62.7365697849486,31.1309817233407,0.05182,35.6,12.7544060809047,6.57234899286574
"mu...156",62.7907734691037,30.94728207141,0.04035,38.6,18.947730349099,9.75534254530068
"mu...157",62.836950827948,30.5247793792688,0.04351,37.6,16.6057385031044,8.54327365261814
"mu...158",62.7311763666453,31.2883868606352,0.04174,37.8,17.0497496354329,8.78649639650204
"mu...159",62.7928248034899,31.6922858314073,0.04451,40.8,25.3288205713757,13.0402556148468
"mu...160",62.8832955291818,31.4128961393834,0.04926,38.5,18.6993837829016,9.61331476783636
"mu...161",62.7278915284079,30.8915226770566,0.0767,33.4,9.54118829507456,4.91725730624838
"mu...162",62.6713233908413,30.7207572673989,0.04852,38.7,19.1993750741681,9.90374404002434
"mu...163",62.7785340813026,30.995908064384,0.05796,36.4,14.174228421659,7.29910169052917
"mu...164",62.7658501088206,31.0069487467021,0.05914,39.3,20.7810017678989,10.7034618094232
"mu...165",62.6198339220179,30.7249189982335,0.04595,36.7,14.7465055954802,7.61304470074648
"mu...166",62.6371604336671,30.797098599598,0.04862,36.3,13.9884476587133,7.21969162823135
"mu...167",62.8246171900042,31.3682310665329,0.05567,34.8,11.4768061348154,5.90571328778325
"mu...168",62.6462062191871,31.0503064101758,0.04946,41.5,27.7794892616953,14.3354276267594
"mu...169",62.7287173642906,31.457674684186,0.042,40.8,25.3288202921784,13.0535833149974
"mu...170",62.681205360972,31.2537553453946,0.05117,38,17.5056326839507,9.02862458621079
"mu...171",62.6697390348458,30.8231178780042,0.04219,41.3,27.0560542751944,13.9568603870709
"mu...172",62.7093614306792,31.6506206439139,0.03693,46.3,52.3310432334936,26.9779045471642
"mu...173",62.6614036834708,30.7831732497808,0.06602,35.9,13.2693585019413,6.84590684745354
"mu...174",62.7590607101151,31.4405482229063,0.04872,35.9,13.2693584935779,6.83525428406301
"mu...175",62.6776668038909,31.0911177926747,0.05058,37,15.3418881412335,7.91310954978204
"mu...176",62.7321225230927,31.0107881810686,0.03109,47.2,58.9289200855838,30.3682455834907
"mu...177",62.6993059855801,31.0787194218502,0.07299,36,13.4455888378659,6.93263407210751
"mu...178",62.7390679797303,31.1598476900758,0.0668,37.4,16.173291608342,8.33376962040444
"mu...179",62.726510831268,30.9092456412947,0.03301,43.7,37.1348803566121,19.1386842993078
"mu...180",62.7688639160307,30.8977243678387,0.04111,37.4,16.1732912385521,8.32981425481075
"mu...181",62.7808213913146,31.3167445730762,0.05313,35.6,12.7544057072217,6.56771697587336
"mu...182",62.8457892887456,31.0473771137964,0.05065,36.6,14.5532240385225,7.48624828889614
"mu...183",62.8070222717239,30.9410717345557,0.05478,36.1,13.6241596210115,7.01265877202478
"mu...184",62.8081737261205,31.1587906708436,0.03943,43.7,37.1348800502419,19.113800972072
"mu...185",62.7189776871935,30.8787987364992,0.04673,41.5,27.7794884529049,14.3187965222027
"mu...186",62.7503226810397,31.1143420316557,0.03543,45.3,45.862783323414,23.6279276118581
"mu...187",62.7223690154254,30.9544592225586,0.04291,39.5,21.3366521989187,10.9972729293011
"mu...188",62.7806876367697,31.2642871734649,0.08407,36,13.445588964842,6.92364715454485
"mu...189",62.6738232895699,30.8134120384831,0.04457,39.7,21.9071605900342,11.3000668791628
"mu...190",62.6671619103011,31.5346677743872,0.0667,32.8,8.81501510365155,4.54741127154287
"mu...191",62.8777208949673,30.9656103348362,0.04446,41.1,26.3514587599618,13.5484323812832
"mu...192",62.8069767795734,31.3336128908691,0.06882,36.4,14.1742283883012,7.29579626375789
"mu...193",62.7817455253651,31.0364284465465,0.03363,43.2,34.7642238979736,17.9011236117257
"mu...194",62.8371499720214,31.5813401547639,0.0495,40.9,25.6652126214962,13.2041226025628
"mu...195",62.6575544873245,31.119955912666,0.05835,37.5,16.3880886556174,8.45543702810218
"mu...196",62.7375079251542,31.3071912520235,0.05095,40.4,24.0267689381874,12.3808159987122
"mu...197",62.755679628584,31.2658951548998,0.03923,45.8,48.9902777848984,25.23701861282
"mu...198",62.7108928042425,31.0966843013927,0.03749,38.8,19.4543619923933,10.0289433973245
"mu...199",62.8252464208801,31.436560533669,0.05846,37.5,16.3880886663961,8.43286777300613
"mu...200",62.7481916419581,30.6309651667557,0.03852,41.1,26.3514586608069,13.5764002615705
"mu...201",62.6385036179337,31.1565060523601,0.05526,36.2,13.805101947442,7.12491099981722
"mu...202",62.8056075956212,30.9816595091423,0.05192,40.2,23.4010623574423,12.0453196731162
"mu...203",62.7414271029297,30.6151974109628,0.04093,40.8,25.3288205800793,13.0509383115347
"mu...204",62.7911678150096,30.7012787415317,0.04329,42.6,32.1183441978297,16.5362006383909
"mu...205",62.7449380530807,30.616530231923,0.0456,40.7,24.9968377479895,12.8791595991122
"mu...206",62.7202697586441,30.8588581848061,0.04025,41.1,26.3514586427615,13.5824442116137
"mu...207",62.7388830212295,31.11180760475,0.05094,38.5,18.6993835638488,9.63544320092791
"mu...208",62.7375779804968,31.3334090660822,0.04254,40.6,24.6692059210707,12.7118451214035
"mu...209",62.8592742011934,30.8719763047227,0.04725,39.8,22.1981089955462,11.4163636821916
"mu...210",62.7662016062835,30.9791121190513,0.05902,33.8,10.0582415804751,5.18056792309541
"mu...211",62.7453657124117,31.5785004661281,0.05607,42.9,33.4151050781011,17.2164020257296
"mu...212",62.7569379863074,31.2386515171913,0.05594,34.1,10.4643381434648,5.39052596865144
"mu...213",62.6503249694908,30.7833945243165,0.05347,41.4,27.4153856714654,14.1466034812733
"mu...214",62.7191621232189,30.8882145144199,0.04877,35.5,12.5872347208778,6.48800621894091
"mu...215",62.8040556621823,31.2769292843084,0.04472,36.9,15.1408033105266,7.79367684005666
"mu...216",62.7338810904648,30.4160253956804,0.03796,40.7,24.9968375115467,12.8814301308192
"mu...217",62.7295395520414,30.9536638735848,0.05789,39.1,20.2398218513724,10.4307555929893
"mu...218",62.8010027816257,31.3741494327453,0.05651,36.8,14.9423539676523,7.69189970388569
"mu...219",62.7826195259291,31.4525398028327,0.05662,33.9,10.1918246581742,5.2479988272597
"mu...220",62.7746193082358,31.2840221306356,0.04256,39.2,20.5086268852475,10.5616964147292
"mu...221",62.6820813025777,30.5282571025162,0.06678,39.3,20.7810020543855,10.7177654444318
"mu...222",62.8393431472114,31.0722188333381,0.05421,36.7,14.7465057901014,7.58645044563607
"mu...223",62.7016538710211,31.0633406315573,0.05119,39.7,21.9071597493452,11.2950531423854
"mu...224",62.7218294468648,31.0226154521891,0.05108,37.5,16.3880889388957,8.44677158920937
"mu...225",62.6745168569268,31.0674737560283,0.03822,41.2,26.7014323894731,13.7728791402124
"mu...226",62.8002432504636,31.010864576206,0.0354,45.7,48.3481659250142,24.8885632521939
"mu...227",62.7095183336921,30.9753340585461,0.05479,42.8,32.977136078602,17.000459226126
"mu...228",62.6262676699024,30.6443026797903,0.04352,38.2,17.9737043608401,9.27816867807953
"mu...229",62.6326627675735,30.5235478787213,0.03901,42.7,32.5449075518379,16.7982225759172
"mu...230",62.7135326226375,31.1985656587209,0.04635,40.7,24.9968379370454,12.8856085731992
"mu...231",62.5957133661831,30.6154006296276,0.05045,36.1,13.6241597926675,7.0363315703221
"mu...232",62.7284915262574,31.4736118937544,0.03943,39.6,21.6200245050765,11.1422402086549
"mu...233",62.7789820183408,31.2500867536622,0.05326,36.7,14.7465057576012,7.59374490916576
"mu...234",62.7669478594756,30.6064139014884,0.04856,36.8,14.9423536786734,7.69607338965503
"mu...235",62.7116095034387,30.5373406313823,0.03443,42.4,31.2819161134756,16.1259966265551
"mu...236",62.7908360339886,31.3061676288971,0.05137,37.2,15.7521054004132,8.11005004588343
"mu...237",62.6936753056508,31.1228874342826,0.03683,42.3,30.8719063115223,15.9191871541537
"mu...238",62.7409634038543,30.925326722956,0.05219,36.5,14.3624759840402,7.40047050449565
"mu...239",62.7062521500756,30.5312853910743,0.05518,34.3,10.7441369862323,5.53913450093104
"mu...240",62.686566482802,30.6365638466365,0.06257,34.7,11.3263804350378,5.84114296185393
"mu...241",62.6436559794993,31.0945921837843,0.06749,37.5,16.3880886502242,8.45731277529314
"mu...242",62.7480165778445,30.6463073486127,0.04596,38.2,17.9737042888914,9.26016657138198
"mu...243",62.7482507886858,31.2636287101436,0.04733,39.6,21.6200241382275,11.1387320576102
"mu...244",62.8148417607549,30.9356097442401,0.05705,35.6,12.7544056923571,6.56415983382932
"mu...245",62.7538569748319,31.4613353471429,0.03496,45.8,48.9902779552917,25.2377486233243
"mu...246",62.7735452416664,30.8543964499186,0.06198,34.1,10.464337658155,5.38910067474597
"mu...247",62.6497761618872,31.1166469918803,0.04688,37.6,16.6057384971797,8.56879783376374
"mu...248",62.7756419026355,31.250570540968,0.04264,39.9,22.4929221966945,11.583394788132
"mu...249",62.7334315870232,31.1916443974236,0.03824,40.9,25.6652122353243,13.2259542142816
"mu...250",62.7289147020031,30.9387914146549,0.06156,36.7,14.7465053728149,7.59980659816819
"mu...251",62.8030653511638,31.2831155774409,0.05235,40.7,24.9968374796462,12.8672399231563
"mu...252",62.8022544232829,30.7810944992362,0.05747,39.7,21.9071599610385,11.2769594045232
"mu...253",62.7695083549982,30.9471639997024,0.05039,39.2,20.5086267465409,10.5625564291585
"mu...254",62.6611747309438,31.2311711943197,0.05088,37.6,16.6057394101355,8.56723754321689
"mu...255",62.7493871123974,31.1063977095391,0.03978,43.7,37.1348804253746,19.1317061693784
"mu...256",62.6727126700701,30.4520202102355,0.04805,40.9,25.6652121612164,13.2387679159905
"mu...257",62.7294049141046,30.5688515560022,0.05351,36.6,14.5532245838354,7.50013683302909
"mu...258",62.767310451687,31.134825568062,0.04346,43.5,36.1678116425695,18.6281569820227
"mu...259",62.6401790060943,30.4881672823791,0.04665,38.3,18.2124129093451,9.39930458602212
"mu...260",62.7756046245414,31.254210191003,0.03337,44.6,41.8168309340661,21.5348263214051
"mu...261",62.8405398761186,31.3487555744876,0.05765,35.5,12.5872349271895,6.47547437876915
"mu...262",62.786773684415,31.2905479862823,0.04017,43.6,36.6481561495545,18.8697063713869
"mu...263",62.7518694523918,30.6857582038927,0.04912,34.9,11.6292295025399,5.99108456480204
"mu...264",62.6604799881549,30.9804488418436,0.02867,45.2,45.2616632224033,23.3516719663256
"mu...265",62.798512569357,31.6395225398366,0.0591,37.8,17.0497494221605,8.77707554477644
"mu...266",62.7610257988974,31.012394189438,0.05218,36.3,13.9884476693942,7.20544256914484
"mu...267",62.7467342370028,31.3268257959595,0.05851,34.1,10.4643376335411,5.39140320614514
"mu...268",62.7057149104273,31.6718416575349,0.04848,36.3,13.9884474931506,7.211798757231
"mu...269",62.7287418821813,31.2596414272247,0.06751,32.3,8.25227305666899,4.2529290309611
"mu...270",62.7921791705402,31.1803426414301,0.06006,34.4,10.8868299893283,5.60501898153464
"mu...271",62.7568428276259,30.9009549085867,0.05887,33.5,9.66790446289405,4.9802651406786
"mu...272",62.7900363318309,31.1308856323985,0.0379,43.7,37.134879849691,19.1193224695972
"mu...273",62.8658427722366,31.0834941131081,0.05549,38,17.5056325453858,9.0021078503854
"mu...274",62.8567441914538,31.5842657964227,0.04323,42.1,30.0679381764135,15.4643951435043
"mu...275",62.777344367543,31.1301245913236,0.05329,35.1,11.9401763202524,6.14878031306818
"mu...276",62.6433853283103,30.7433557229003,0.04059,42,29.6738400367178,15.3136845914206
"mu...277",62.7945586604801,31.2688422971579,0.05974,39.4,21.0569945774696,10.8406552590661
"mu...278",62.7488400801371,31.071723787225,0.04748,45.1,44.6684218241867,23.0131520027289
"mu...279",62.7269580215504,31.2465495174285,0.05739,34.8,11.4768059020086,5.91490815860365
"mu...280",62.730496562311,30.7939397636309,0.05127,34.8,11.4768059953922,5.91457444512372
"mu...281",62.7410116398646,31.6961679526438,0.03569,44.1,39.1472826730812,20.1711794185793
"mu...282",62.7949592068223,31.2063415180982,0.03869,39.2,20.5086268420003,10.5582753553449
"mu...283",62.6690035253512,31.076118442603,0.04135,45,44.0829560525734,22.7404519521259
"mu...284",62.9364622001318,31.0736700714786,0.0535,37,15.3418882399131,7.88057051992152
"mu...285",62.6566692962127,31.6707113077612,0.05144,36.6,14.5532238111635,7.50884476475324
"mu...286",62.7923987401898,31.4725174032211,0.03556,38.6,18.9477306274266,9.75508934406671
"mu...287",62.7383981850749,30.906991304608,0.05354,35.4,12.4222547566555,6.40100537535257
"mu...288",62.747262433865,31.311063079351,0.04815,38.7,19.1993748027698,9.89175847418012
"mu...289",62.7293630019935,31.3681895599641,0.05308,33.5,9.66790462049072,4.98244676507751
"mu...290",62.7864141704874,31.3879338326307,0.03503,48.3,68.1329772601972,35.0810746845126
"mu...291",62.7966681742032,31.0951022530019,0.06835,33.6,9.79630408670877,5.04320738646511
"mu...292",62.7176297035453,31.3682487896871,0.06109,40.6,24.6692060231262,12.7158876192277
"mu...293",62.8742006775915,31.5331431655325,0.04236,35.9,13.2693583003926,6.82273727834019
"mu...294",62.8265594188681,31.4521464037261,0.04698,38.4,18.4542923012644,9.49588157882586
"mu...295",62.7993788175266,30.9822895558469,0.05173,36.2,13.8051022302004,7.10665834474594
"mu...296",62.7568399764047,31.3078135843035,0.0456,43.4,35.6937625891208,18.387066679769
"mu...297",62.8076723546736,30.8987014883641,0.05002,35,11.7836771841459,6.06525858595639
"mu...298",62.7895236494695,30.8226930418598,0.06457,36.5,14.362475952396,7.39474710543912
"mu...299",62.6212889162688,30.8331267235964,0.04806,43.7,37.1348806956421,19.1708414730316
"mu...300",62.7840640819318,30.8509984190557,0.04762,40.5,24.3458684934267,12.5359426364995
"mu...301",62.7224372224588,31.0447276335068,0.04535,40.7,24.9968374858964,12.8837805935644
"mu...302",62.7875841126236,31.0851326799964,0.05898,37.1,15.5456438495362,8.00416646729227
"mu...303",62.67516807162,31.2277106765881,0.05038,38.6,18.9477301336823,9.77333704483845
"mu...304",62.8043425793293,31.1280606739934,0.05695,37.9,17.2761876859988,8.89281741028426
"mu...305",62.779298030254,31.2247139506362,0.05695,38.8,19.4543621350121,10.0180152690779
"mu...306",62.7333797921302,31.0973813277544,0.05684,37.4,16.173290920927,8.33452656486079
"mu...307",62.5450956593369,31.3442292082117,0.03003,43.1,34.3085712847973,17.7333408987804
"mu...308",62.7859778414473,30.8461444013397,0.06386,35,11.7836771154078,6.06735456804606
"mu...309",62.617750398233,30.5563557607526,0.06087,35.5,12.5872349033603,6.498513727199
"mu...310",62.7505817887795,31.1427118895492,0.04394,38.5,18.699383450001,9.63364733137147
"mu...311",62.6839943952671,31.2069972943701,0.04147,43.3,35.2259273567132,18.1671549738014
"mu...312",62.7351111855591,30.9451470494348,0.05518,37.4,16.1732911602843,8.33429627945092
"mu...313",62.7795567100017,30.6330802682873,0.06554,35,11.7836772442033,6.06797493789653
"mu...314",62.5832540979198,31.2906901506769,0.05137,36.8,14.9423536033798,7.7186628711951
"mu...315",62.6817085754946,30.6294633489871,0.04582,34.9,11.6292291504768,5.99779093826661
"mu...316",62.8175453614029,30.9597246604498,0.06083,33.8,10.0582411623561,5.17633405062194
"mu...317",62.7809411854281,31.1137948426157,0.04646,39,19.9745398287331,10.2856126119952
"mu...318",62.70442047276,30.7552437505125,0.05007,38,17.505632407929,9.0252826322017
"mu...319",62.8277492888732,31.1531083738109,0.05065,40,22.7916503580066,11.7275001992451
"mu...320",62.7017002614766,30.2012571018878,0.03692,43.2,34.7642238416448,17.9239773660173
"mu...321",62.7667337820922,30.9026516149571,0.04483,42,29.6738398106981,15.2835900321147
"mu...322",62.7153587313714,31.3341992656758,0.04548,38.4,18.4542920948693,9.51271924819447
"mu...323",62.8074597815322,30.4305469177591,0.06002,35.7,12.9237972859587,6.65211972643605
"mu...324",62.7429497996373,31.2814349436225,0.0344,41.4,27.4153856481832,14.1257198431459
"mu...325",62.7195563927109,30.993316716891,0.04098,38.4,18.4542921450313,9.51208263182745
"mu...326",62.802223590509,30.9831782244123,0.05489,38.3,18.2124131988277,9.37505127086527
"mu...327",62.7590332037898,30.9758324388743,0.04844,41.6,28.148428610859,14.4997018344502
"mu...328",62.7393160962387,31.2570007265579,0.0498,37,15.3418881294658,7.90533397120501
"mu...329",62.7452609129363,31.2382683984111,0.04218,40.7,24.9968376182963,12.8790933738254
"mu...330",62.8376435560353,31.0087088648575,0.0407,37.6,16.6057393027411,8.5431781200007
"mu...331",62.7281198538667,30.9462076288859,0.06131,35.8,13.0954377257058,6.74899275835473
"mu...332",62.7433096702229,30.8036395971364,0.06473,40.1,23.0943465415735,11.8992446596202
"mu...333",62.6961851666909,31.2300254707619,0.04674,37.9,17.2761870550546,8.90815919008339
"mu...334",62.8175077834114,31.2265751265591,0.03826,42.3,30.8719066408606,15.8878039857184
"mu...335",62.6685408668613,30.9219498920731,0.05984,37.5,16.3880887697144,8.45395438026117
"mu...336",62.6062179774847,31.9707883863757,0.03433,47.1,58.1565427721621,30.030481812686
"mu...337",62.7279404890115,31.0383695878665,0.04747,38.9,19.7127354104531,10.1593758754746
"mu...338",62.7637564258464,31.4004547882774,0.06438,36,13.4455886855032,6.92551529836735
"mu...339",62.6787752680559,31.2845210286601,0.0472,34,10.3271823729,5.32650751840004
"mu...340",62.774701667034,31.114896194807,0.0646,38.1,17.7381243776508,9.13490913058557
"mu...341",62.594409819548,30.6444420595078,0.05449,36,13.4455889910606,6.94425148099113
"mu...342",62.6905966667999,31.095457767197,0.05953,37.4,16.173291110418,8.34021413384753
"mu...343",62.6855652522523,31.2488053625354,0.04102,39.5,21.3366520218022,11.0037305962235
"mu...344",62.7906932775012,30.8086081901433,0.04799,42.6,32.1183439338142,16.5363260547223
"mu...345",62.711431982257,30.9836769234583,0.05757,35.9,13.269358545332,6.84044533718288
"mu...346",62.7439923332161,30.7031895416089,0.04711,41.4,27.4153852719847,14.125486583995
"mu...347",62.7813036829144,31.1372297818433,0.04549,40.4,24.0267682360003,12.3721809139208
"mu...348",62.7024236340837,30.4218046179308,0.05563,34.4,10.886829892533,5.61304249354681
"mu...349",62.7943298255442,30.8226728598316,0.04233,39.5,21.3366524787977,10.9846700105136
"mu...350",62.7935126008256,31.6091437036152,0.04493,37,15.3418885085053,7.89851032047107
"mu...351",62.6371375688313,30.984526831792,0.06045,35.4,12.4222546872525,6.41135348239487
"mu...352",62.6283046026052,31.0106294974362,0.03952,38.3,18.2124131059316,9.4010862523337
"mu...353",62.6869964276856,31.4905218078252,0.0298,47,57.3942894772857,29.5986836108039
"mu...354",62.7148633175141,30.9725466833985,0.05202,37.3,15.9613092680723,8.22771412307963
"mu...355",62.6502216620711,30.6985857712859,0.04507,36.5,14.3624761319942,7.41118893666431
"mu...356",62.7778010795535,30.5008503512085,0.04494,40.5,24.3458684320905,12.5371942312808
"mu...357",62.763746896304,31.2136769974718,0.04113,38.7,19.1993750832439,9.88915973503351
"mu...358",62.6407227207488,31.1743243716195,0.0556,33.2,9.2927157654484,4.79586669461058
"mu...359",62.754454652647,31.2564341508499,0.05645,34.6,11.1779262339328,5.7583476233634
"mu...360",62.7227810760921,30.7832259046853,0.06354,41,26.0060722816096,13.4038826388486
"mu...361",62.6937871439952,31.2065473015351,0.05827,38.8,19.4543621296386,10.0316793859085
"mu...362",62.8155104952184,31.4274647895935,0.06476,32.2,8.14411094841261,4.19138875140276
"mu...363",62.7248676835772,31.1703908801805,0.04861,39.5,21.3366523723078,10.9968350567109
"mu...364",62.7462704639133,31.0874449145687,0.05124,41.5,27.779489423559,14.3125662569866
"mu...365",62.7725562659504,31.6097380336591,0.05052,36.3,13.988447479352,7.20411941391703
"mu...366",62.8130803059427,30.9381419285137,0.03015,43.9,38.1278070301489,19.6233388259265
"mu...367",62.6762635952194,31.1268296826149,0.03703,39.8,22.1981086933002,11.4496988303682
"mu...368",62.7575071933264,31.0185412447178,0.04214,42.8,32.9771365475526,16.9874584212718
"mu...369",62.7370793025492,30.8642794475212,0.05398,39.5,21.3366521836678,10.9946948655229
"mu...370",62.8675872448978,31.2679059652371,0.04596,41.8,28.9010713602722,14.8616962817592
"mu...371",62.669545765874,30.6918006919526,0.04372,39.2,20.508626854432,10.5794045386392
"mu...372",62.6952673023558,30.9501273853505,0.05254,36.4,14.1742285064305,7.30879560778479
"mu...373",62.6552343505503,30.8568096825027,0.06344,32.5,8.47292503451572,4.37176898796412
"mu...374",62.7317187929632,31.324522035156,0.04437,43.7,37.1348800708843,19.1370959384215
"mu...375",62.779943519378,31.4398533806532,0.05986,38.3,18.2124129093441,9.37837928477474
"mu...376",62.8184048331546,31.4240280262189,0.05325,39.1,20.2398219589741,10.4159996191773
"mu...377",62.7263919158493,30.7928388724837,0.03488,41,26.0060721594573,13.4031114092115
"mu...378",62.7345086492709,30.9012330087289,0.03062,43.5,36.1678109728689,18.6378984779074
"mu...379",62.7908807823727,30.6717811764385,0.04633,39.5,21.3366524484488,10.9852734036009
"mu...380",62.7422118115404,31.2754355541817,0.04656,38.5,18.6993836242577,9.6349319257986
"mu...381",62.7841686791352,30.6894139573213,0.05252,42,29.6738396339576,15.2793472066994
"mu...382",62.7864132505756,31.2490917904111,0.05106,36.6,14.5532243408379,7.49332750529859
"mu...383",62.7350133496636,31.1189153581816,0.03866,43.5,36.1678115299005,18.6377464090309
"mu...384",62.8437226844128,30.7720947639463,0.06087,36.4,14.1742282776037,7.29153029729793
"mu...385",62.6581262816308,30.9629666404677,0.05214,35,11.7836773500619,6.07973437231755
"mu...386",62.7598185215859,30.9225742127886,0.042,48.8,72.7791303251914,37.4892170330068
"mu...387",62.695136452819,30.7917003007011,0.0522,38.2,17.9737046909505,9.26797621850409
"mu...388",62.6218672714898,30.8457471378028,0.06403,36.2,13.8051020468603,7.12680368124394
"mu...389",62.7387548559744,30.6244848328709,0.05168,38.6,18.9477304539598,9.76343077965485
"mu...390",62.7037057382882,31.9648363978565,0.05025,39.5,21.3366520346192,11.000546749031
"mu...391",62.6683207664948,31.4864658123607,0.04378,38.8,19.4543615912747,10.0357568151733
"mu...392",62.7314361613816,30.7806096488696,0.04057,39.3,20.7810021401699,10.7093328969078
"mu...393",62.7188342989767,31.4761274659051,0.0408,42.3,30.8719068016623,15.9127998157173
"mu...394",62.7404354496763,30.8610205549388,0.04153,43.2,34.7642240357376,17.9129096155377
"mu...395",62.7714638115905,31.1988665276716,0.04487,37.6,16.6057385052014,8.55218676780868
"mu...396",62.7210943496317,30.7354245759272,0.06642,36.8,14.9423539838745,7.7016992938081
"mu...397",62.8167276621944,30.5964469389536,0.04419,45.7,48.3481659529655,24.8820312832288
"mu...398",62.785714195124,30.5425825032526,0.04594,42,29.6738399751001,15.2789701708044
"mu...399",62.6739264184326,31.2344367398157,0.03798,41,26.0060721594532,13.4143314004931
"mu...400",62.7365584156239,31.4059923608373,0.05346,37.1,15.545643728364,8.01067656316136
"mu...401",62.8245770044963,31.1958724362368,0.05148,44.4,40.7278344868836,20.9576656747877
"mu...402",62.753987361986,30.8578499018706,0.04619,45.3,45.8627832241464,23.6265481715143
"mu...403",62.8499741833201,31.2088410745139,0.03991,46.8,55.8996240238079,28.7531197589549
"mu...404",62.8480488819613,30.6118502992957,0.04253,42.2,30.467270138616,15.6719466115775
"mu...405",62.816270257102,30.8953102292444,0.04271,35.8,13.095437839658,6.73952171284751
"mu...406",62.8617570255564,31.722847765806,0.05763,37.2,15.7521054528174,8.10090013389857
"mu...407",62.6398433150276,31.9610483853226,0.04294,39.8,22.198108514178,11.456356844661
"mu...408",62.7862363393893,30.7329261943538,0.05365,37.9,17.2761869182712,8.89538315979055
"mu...409",62.7120395107387,31.1602171266371,0.0546,39.2,20.5086271329548,10.5722353666913
"mu...410",62.7480264354418,30.8234916659895,0.04369,42.2,30.4672702541977,15.6969282597121
"mu...411",62.6335018335926,30.8654235978328,0.06317,45.6,47.7144704095446,24.6277387018582
"mu...412",62.7029555717433,30.9650591008891,0.06368,42,29.6738401940917,15.2991354610863
"mu...413",62.6451778279985,30.9418801320205,0.05747,43.6,36.6481559108615,18.9123579766383
"mu...414",62.6812395941755,31.2150781153689,0.05331,35.1,11.9401759058643,6.15820829091534
"mu...415",62.724834991637,31.199058507354,0.03023,46.2,51.645144549339,26.6177372993226
"mu...416",62.696330207582,30.7335012242805,0.02916,43.1,34.3085716606765,17.6905634524792
"mu...417",62.8336251594801,31.492526806322,0.05612,34.3,10.7441374789256,5.52790522470927
"mu...418",62.6555375176758,30.993247001766,0.05032,35.1,11.9401761485565,6.16073412623087
"mu...419",62.7878858379349,31.4175562249844,0.06672,36.8,14.9423542105499,7.69350611257549
"mu...420",62.804876412496,30.4787003787602,0.04984,39,19.9745400506296,10.2816920988861
"mu...421",62.8121394935093,31.1536986358204,0.05508,35.2,12.098753785675,6.22699070386885
"mu...422",62.6818785709083,31.3001812511883,0.04834,37.2,15.7521057005757,8.124146800065
"mu...423",62.7605969085204,31.6075691811322,0.05121,39,19.9745401801358,10.2889461994234
"mu...424",62.6485613369865,30.7443362738559,0.06297,33,9.05071454928981,4.67038766517806
"mu...425",62.7805908588867,31.3094288467893,0.0533,36.9,15.1408033946741,7.79658973735823
"mu...426",62.6944509960555,31.3521912293921,0.04414,38.9,19.7127353776488,10.1648024833992
"mu...427",62.729433644673,31.0330279636863,0.04716,40.1,23.0943466343227,11.901877040496
"mu...428",62.7250179784553,30.8005354656576,0.0598,38.1,17.7381243988415,9.14214472539913
"mu...429",62.7610803475887,30.8381148021497,0.03909,41,26.0060721594514,13.3957034278475
"mu...430",62.7145304838155,30.577108883091,0.04073,40.2,23.4010629307253,12.0628110517312
"mu...431",62.6656209822069,31.1769729200519,0.04734,34.5,11.0314181235037,5.69092910316788
"mu...432",62.8046590415255,30.9750398239702,0.06489,30.4,6.42252047380577,3.30593885194727
"mu...433",62.8443995050461,30.9026152533914,0.04542,38.9,19.712734937092,10.1405500873331
"mu...434",62.6871974474876,31.3963909603135,0.02458,48.5,69.9547423989767,36.0760920260832
"mu...435",62.7218337056416,30.9950248245283,0.06577,39.6,21.6200245734492,11.143422910586
"mu...436",62.6037488479606,30.9698900457483,0.02853,45,44.0829559537254,22.7641565310619
"mu...437",62.7749717006512,31.2187987945536,0.06248,34.8,11.4768061892318,5.91038381962902
"mu...438",62.753327608173,30.9925787099779,0.04707,36.8,14.942353974451,7.69774331054458
"mu...439",62.7866869746997,31.5337526813658,0.04563,38,17.5056323440062,9.01345704881772
"mu...440",62.6856574507204,30.2515801660149,0.05557,36.9,15.140803049609,7.8083976987924
"mu...441",62.6588979095948,31.517214890447,0.06338,34.4,10.8868302328867,5.61694110064278
"mu...442",62.884723124805,31.6465430322684,0.05834,43.6,36.6481556509269,18.840315646959
"mu...443",62.6934406928009,31.0329033628111,0.0377,41.2,26.7014326823309,13.7687211253856
"mu...444",62.5031053301824,31.0043574661526,0.07454,34.8,11.4768059526064,5.93609214631072
"mu...445",62.7216844512165,30.7303804693736,0.05574,34.1,10.4643378019145,5.39355627693857
"mu...446",62.79252558432,31.3521871921441,0.03326,48,65.4888962640807,33.7163766613797
"mu...447",62.6814436470557,31.0985304441256,0.05439,39.8,22.1981087432465,11.4487528366384
"mu...448",62.7801107925639,30.8465849428955,0.03611,39,19.9745401507829,10.2857479848845
"mu...449",62.731575126128,30.561283764789,0.05655,34.3,10.7441371681108,5.53689824406703
"mu...450",62.6791385786167,31.3735385080759,0.05332,36.6,14.5532242329191,7.50615226718855
"mu...451",62.7439715739849,31.3006512280843,0.04575,35.9,13.2693586571442,6.83689767362203
"mu...452",62.7724849567678,30.7938454079686,0.04093,47.5,61.308145654818,31.5740323074031
"mu...453",62.7101618804606,31.0626467369919,0.04817,40.2,23.4010621310767,12.063652715937
"mu...454",62.6909190211967,31.2871570849908,0.04543,40.1,23.0943460136457,11.9091904700788
"mu...455",62.714813572573,31.0860351974141,0.05159,38.8,19.4543618344811,10.0283166156821
"mu...456",62.6650208030791,30.54854677816,0.07421,35.7,12.923796766241,6.66724100252249
"mu...457",62.7692928125051,30.972052258889,0.06973,34.6,11.1779262339311,5.75698639594588
"mu...458",62.7629241486203,31.0282988588562,0.0538,38.1,17.738124593506,9.13662267701416
"mu...459",62.738631589459,31.2638231629832,0.04479,38.9,19.7127353078962,10.1576447531779
"mu...460",62.7814412310013,30.9839719678564,0.05394,36.3,13.9884475158774,7.20309986822537
"mu...461",62.71490651206,31.4909253934029,0.04859,43,33.8588913568922,17.4535250787715
"mu...462",62.8068942870899,31.2380021336571,0.06672,35.1,11.9401763397887,6.14588713093073
"mu...463",62.6714806261399,31.3294137371238,0.03642,37.7,16.8262798817991,8.6795922718497
"mu...464",62.7812573147464,30.8568290832097,0.04516,42.4,31.2819159722033,16.1081070660567
"mu...465",62.7604841280956,31.1746934509684,0.03617,41.3,27.0560540843907,13.93668104114
"mu...466",62.7388408392501,31.2755615495078,0.04767,42.5,31.6973707694115,16.3330748184917
"mu...467",62.6834703616718,30.8824846131904,0.06613,34.4,10.8868301251153,5.61473923394058
"mu...468",62.7449708130307,31.1642818232286,0.04267,38.4,18.4542925354708,9.50822908014735
"mu...469",62.7660804501503,31.3627262682021,0.04226,43.2,34.7642234108186,17.9055937527769
"mu...470",62.8404913094072,30.8690675595237,0.06938,30.9,6.86048762934306,3.52936529299424
"mu...471",62.6981169491548,31.0249851327414,0.03751,38.8,19.454361675392,10.0309874677728
"mu...472",62.7907512128569,30.806897912538,0.05266,32.5,8.4729250457876,4.36233371296678
"mu...473",62.7680136611236,31.2832628078482,0.05253,34.9,11.629229736645,5.98954332817391
"mu...474",62.7799857626448,30.946983008655,0.03949,38.5,18.6993837171785,9.62913477347817
"mu...475",62.744656173517,31.1366702063437,0.04813,38.9,19.7127352771501,10.1566692788323
"mu...476",62.6474208399703,30.9375803121616,0.04762,34.8,11.4768062841855,5.92241728117164
"mu...477",62.6676630256422,31.2639544802715,0.04439,39.6,21.6200239607921,11.1530563644423
"mu...478",62.7324698792077,31.0773189980007,0.0519,42.4,31.2819156824006,16.1206354477626
"mu...479",62.8118846061157,30.6575293237521,0.0518,37.5,16.3880888807287,8.43466131151539
"mu...480",62.8019321166816,31.3659658355758,0.04494,37.8,17.0497492960929,8.77659771115503
"mu...481",62.7881940937429,31.0338178479835,0.0622,33.8,10.0582413680834,5.17875360398218
"mu...482",62.7230635452642,30.8211475866177,0.04295,41.8,28.9010719199864,14.8959381502464
"mu...483",62.6258156892043,31.3378688062834,0.04765,38.8,19.4543621453826,10.0425671940952
"mu...484",62.7118066223121,31.4544401151281,0.04775,36.9,15.1408034878091,7.80514105725959
"mu...485",62.6238180780509,30.9776842379254,0.05048,40.1,23.0943460607187,11.9219508422943
"mu...486",62.796766768184,30.8316051038033,0.0438,41.1,26.3514583303475,13.565898835486
"mu...487",62.9218227123043,31.0489047909643,0.06143,33.3,9.41613232365342,4.83785069558318
"mu...488",62.7044223279043,30.6587005244403,0.05802,35.9,13.2693585320701,6.84121019562651
"mu...489",62.7945066802212,30.4324932572157,0.05296,37.2,15.7521054120858,8.1095759225148
"mu...490",62.7844010233183,30.7993849608161,0.04365,41.1,26.3514586990462,13.568569600462
"mu...491",62.6482643970235,31.2918048342637,0.04558,39,19.9745406255071,10.3073939701698
"mu...492",62.7840844423363,31.1586444307055,0.04671,39.4,21.0569945355938,10.8424638780226
"mu...493",62.6872231288146,30.8196505561268,0.0578,36.9,15.1408030202169,7.80820266361796
"mu...494",62.7367495608956,30.5738700679769,0.04986,35.4,12.4222550322556,6.40117306645693
"mu...495",62.7654116110652,30.6737156341064,0.03825,42,29.6738394570727,15.2839140552402
"mu...496",62.7006142365943,31.1517111244663,0.0628,33.2,9.2927159900728,4.79128528083194
"mu...497",62.7758718155622,31.1806694834701,0.04167,40.8,25.3288205412114,13.0437774777059
"mu...498",62.6881468241668,30.98446103177,0.03817,41.8,28.9010720791351,14.9042355622578
"mu...499",62.7014902302928,31.9267282698145,0.03549,40.7,24.9968372741209,12.8880851501384
"mu...500",62.4681958499706,30.5209943124833,0.05474,34.8,11.4768058279574,5.93940946714642
"mu...501",62.6303828683295,31.3767877105093,0.04732,39.3,20.781001689632,10.7266132909475
"mu...502",62.7573099955272,31.1603199189989,0.05747,34.4,10.886829986773,5.60813320883463
"mu...503",62.8170728009109,31.7829615652982,0.03962,44.4,40.7278341089078,20.9601705084209
"mu...504",62.7654814277897,31.1573001190203,0.03703,40.7,24.9968374692846,12.874945205922
"mu...505",62.8270747334074,30.6966410391288,0.03817,41.8,28.9010721003783,14.8712777730465
"mu...506",62.7240675243173,31.782720661516,0.04153,37.7,16.8262797360427,8.67231531270501
"mu...507",62.7624286607567,31.2503956057802,0.05049,38.4,18.4542922295552,9.50558471140253
"mu...508",62.8296054389841,31.2603259943377,0.04463,39.4,21.0569944450952,10.834608635352
"mu...509",62.7151930339669,31.2389414553698,0.05073,36.1,13.6241594499349,7.02292725639605
"mu...510",62.7154168695802,31.0996251259352,0.05717,38.6,18.9477303404909,9.76706423725398
"mu...511",62.8003419588122,31.693129256408,0.0577,36.8,14.9423539746184,7.69198055623843
"mu...512",62.7617108126148,31.2502212894892,0.02926,51.2,99.8905561943668,51.4530138540306
"mu...513",62.6817247488011,31.0146439429764,0.05374,35.6,12.7544059486664,6.57809975985853
"mu...514",62.6281840604261,30.9480594957279,0.04502,41,26.0060724418292,13.4241278118653
"mu...515",62.7929850830718,31.8084777970617,0.03611,40.8,25.3288200048853,13.040224067203
"mu...516",62.7192894267351,31.2688685603259,0.03912,42.8,32.9771361183413,16.9978114351609
"mu...517",62.7532161851963,31.1708462263295,0.04142,38.9,19.7127355408314,10.1552835794037
"mu...518",62.6158111681457,30.9162386592406,0.03488,44.8,42.9349451018512,22.1670595796574
"mu...519",62.7036297283573,31.554916727735,0.05433,33.6,9.79630416511497,5.05069029615345
"mu...520",62.7808112680381,31.1347195741852,0.05751,34.6,11.1779262994161,5.75592997730562
"mu...521",62.834446464771,31.095145280016,0.0347,42,29.6738401887308,15.2671196283601
"mu...522",62.8521787233861,30.8160990567392,0.05876,34.4,10.8868302492923,5.59966797033322
"mu...523",62.7566513585236,30.6922892088965,0.06138,32.2,8.14411103770878,4.19531978141404
"mu...524",62.7181964343509,31.0908417105608,0.04654,37.5,16.3880890285216,8.44726072870423
"mu...525",62.7734332165622,31.0145526703779,0.05043,33.7,9.92640887090057,5.11207762902201
"mu...526",62.7787186576504,30.7475189777387,0.051,38.2,17.9737048769414,9.25563680954191
"mu...527",62.7269928540648,31.0794191660072,0.04473,36,13.4455889269123,6.92957374380844
"mu...528",62.691603917267,31.0117640737585,0.0454,41.6,28.1484283267861,14.5152987556446
"mu...529",62.7713363173401,30.7968655746444,0.04741,37.5,16.3880889157766,8.4401097947597
"mu...530",62.7859977387186,31.2911346538649,0.03567,45.2,45.2616631666964,23.30498659023
"mu...531",62.8034967958672,30.5506057661772,0.07826,37.5,16.3880889234795,8.43578781096449
"mu...532",62.7134344252396,31.1682659282289,0.05422,34.8,11.4768060242439,5.91618355340353
"mu...533",62.7361296052956,31.394690597632,0.05993,34.5,11.0314183045937,5.68453283892368
"mu...534",62.8375175943012,31.1019998786295,0.04981,39.2,20.5086274376495,10.5511233154104
"mu...535",62.7042835603992,31.2697248919799,0.05053,37.3,15.9613089649002,8.22910292213536
"mu...536",62.7558307028805,31.3190760095579,0.03466,43,33.8588913194103,17.4421422976024
"mu...537",62.6998622988037,31.1455386526443,0.04165,36.1,13.6241598110101,7.02464374865393
"mu...538",62.6474668058247,31.0402413271329,0.0358,43.7,37.1348802590016,19.1628313856343
"mu...539",62.7777645944443,31.3615169346667,0.04784,40.4,24.0267688338184,12.3728771187551
"mu...540",62.8102816294341,30.7750488038565,0.04419,38.8,19.4543621775154,10.0130735138541
"mu...541",62.7008356825826,30.8634015853477,0.0414,37.5,16.3880886707682,8.44960029471669
"mu...542",62.7665830808441,31.3106219115261,0.04519,38.8,19.4543620587848,10.0200449065012
"mu...543",62.7311587893919,30.6049606415287,0.05038,37.3,15.9613091619521,8.22557698649417
"mu...544",62.7363186416952,31.1665448240892,0.03189,45.7,48.3481655168804,24.9139253894563
"mu...545",62.7217980075941,31.6007207938878,0.02898,49,74.7251268645463,38.5149478719934
"mu...546",62.796180307694,30.866023123604,0.05333,39.1,20.2398217570148,10.4196864696265
"mu...547",62.7728631876718,30.9203949139688,0.05017,36.5,14.3624760717076,7.39670963981187
"mu...548",62.6803361913062,31.6531434117183,0.04481,41.2,26.7014321904624,13.7716013227204
"mu...549",62.7901667148036,31.0790932762016,0.04772,39.1,20.239821472392,10.4206849682025
"mu...550",62.6889496990685,31.7998186603852,0.0384,42.8,32.9771364320437,17.0060369620354
"mu...551",62.7871991246643,30.9996064792653,0.04157,38.2,17.9737045923723,9.25438708798693
"mu...552",62.822298595423,31.2089749740716,0.0498,35.2,12.0987535724851,6.2259841536307
"mu...553",62.7849238666632,31.2854204250547,0.05714,35.8,13.09543814323,6.7428860777789
"mu...554",62.7233820812204,30.8121527147681,0.05073,39.5,21.3366524473569,10.9970952526819
"mu...555",62.7768324458601,31.0844517565758,0.03524,43.4,35.693762453325,18.3812104670772
"mu...556",62.7251455865704,30.5552573289253,0.04023,42.6,32.118344367417,16.5536054669962
"mu...557",62.6949883528767,30.8958713196866,0.06519,33.1,9.17091719769847,4.72891050391955
"mu...558",62.7485645585121,31.340597973031,0.05067,37.5,16.3880889387655,8.44317263409103
"mu...559",62.7394895699471,31.328236428162,0.03488,38.8,19.4543623003699,10.0243715974786
"mu...560",62.8150129601246,30.8597288769407,0.04692,39.6,21.6200246291477,11.126892344096
"mu...561",62.6767302220862,30.8952279367183,0.06085,33.5,9.66790490410222,4.98663043504518
"mu...562",62.7144251841062,31.3693434846407,0.03904,39.7,21.9071603483222,11.2927513130853
"mu...563",62.6309290105201,31.1624587977482,0.04971,41.1,26.3514585883819,13.6018188856627
"mu...564",62.7868712387842,30.0490847561323,0.03914,38.7,19.1993748435921,9.88551841624891
"mu...565",62.7080002771036,31.0750943892545,0.04344,40.5,24.3458681613711,12.5511498199477
"mu...566",62.7697314786576,30.8277513339339,0.05806,38.8,19.4543621454252,10.01954208998
"mu...567",62.7694103347889,31.235449665528,0.05034,37.1,15.5456438243607,8.00648392219179
"mu...568",62.8357717302485,31.3876883869707,0.04282,39.7,21.907160364464,11.270943432157
"mu...569",62.7254181804287,30.8770217541492,0.04821,42.7,32.5449074338716,16.7733827984333
"mu...570",62.7761766917362,31.364550748091,0.06629,32.9,8.93208749723759,4.59980348686834
"mu...571",62.7790525069009,31.0950463387376,0.04377,45.7,48.3481653896541,24.8969681885676
"mu...572",62.7061440412156,30.9866944693472,0.05878,36.6,14.5532240004653,7.50292003689552
"mu...573",62.7623998600387,31.0997952574853,0.03643,41,26.0060721717187,13.3954213868208
"mu...574",62.6405912121209,30.9276121620862,0.0634,36.2,13.8051019544928,7.12467360015024
"mu...575",62.7074398982003,31.4995049248944,0.04753,37.5,16.3880888259621,8.44871000690182
"mu...576",62.6718360219042,30.8992212451847,0.0493,36.8,14.9423537810553,7.70775284537513
"mu...577",62.7139562723693,30.9875506231967,0.06747,36.3,13.9884479368976,7.21085021249936
"mu...578",62.8341796798399,31.0307709496765,0.05698,35.9,13.2693585670248,6.82708246302794
"mu...579",62.6584024122136,31.3826164933423,0.05432,35.4,12.4222546613539,6.40917766095
"mu...580",62.6870931228046,31.1039611474571,0.04111,40.6,24.6692060514853,12.7220818903336
"mu...581",62.8013228379386,31.2158521613839,0.0487,37.2,15.7521054284687,8.10869579948982
"mu...582",62.7189059987921,31.3712309497701,0.03916,40.5,24.3458686058947,12.5489660755459
"mu...583",62.6943870524402,30.3838725432868,0.02976,43.9,38.1278067805529,19.6604904252805
"mu...584",62.7803927592118,31.414274583024,0.0626,37.3,15.961309304537,8.21912622089491
"mu...585",62.827960706659,30.6137683176842,0.04836,37.6,16.6057385298596,8.54449613023747
"mu...586",62.7645760580081,31.2877870726297,0.0382,40.8,25.3288205933355,13.0461243662347
"mu...587",62.6371270288588,31.3156620513662,0.0389,39.5,21.3366527895898,11.0122384169739
"mu...588",62.7055491263589,30.7467462476322,0.05404,37,15.3418882057768,7.90959069250828
"mu...589",62.5978207096431,30.3483917993388,0.04982,43.3,35.2259273857046,18.1921640378792
"mu...590",62.7448192340306,31.4086628262873,0.04845,35.8,13.0954379081233,6.74719618803543
"mu...591",62.7164634059514,30.97259266024,0.0459,35.9,13.2693587951851,6.83989642154583
"mu...592",62.6041549296531,30.7733080490308,0.04689,40.3,23.7118518944291,12.2445683019971
"mu...593",62.7513943011749,31.1274227379304,0.04439,40.2,23.4010624541156,12.0557256531481
"mu...594",62.8157583252698,31.214775201122,0.04148,41.5,27.7794893324521,14.2967333012969
"mu...595",62.7115589266837,30.8737765336915,0.05398,34.5,11.0314182143423,5.68676025758234
"mu...596",62.7820899118384,30.9522757825173,0.06052,37.2,15.7521053924382,8.1111797173836
"mu...597",62.6610303479225,31.6910503805111,0.05074,36.4,14.1742283228534,7.31278924705235
"mu...598",62.6754204514279,30.538337406123,0.05464,35.7,12.9237971484331,6.66613399171925
"mu...599",62.710989577255,31.0261323184064,0.04928,36,13.4455888853998,6.93134228139947
"mu...600",62.7523950129641,31.0697385991627,0.04632,37.9,17.2761870023826,8.90018013592354
"mu...601",62.7153014914412,31.2407948121818,0.03894,44.2,39.667197632897,20.4474523639862
"mu...602",62.6360181048447,31.4780492076006,0.04187,40.6,24.6692060715079,12.7324558947377
"mu...603",62.7375012289181,30.8393704177251,0.04449,38.5,18.6993837450492,9.6356552686919
"mu...604",62.7210790485006,31.0552501685954,0.04695,37.1,15.545644053457,8.01265311717584
"mu...605",62.8158195733045,31.046869164301,0.04787,36.8,14.9423536402377,7.6900856321561
"mu...606",62.6603221577984,30.8423827585702,0.06617,34.1,10.4643377550874,5.39883817633498
"mu...607",62.7275847573771,30.9404965549707,0.04442,36.4,14.1742283387642,7.30503026686535
"mu...608",62.7167725342004,30.584961311027,0.0527,39.8,22.1981086342934,11.4423037956955
"mu...609",62.7129310236952,31.0729803411288,0.04773,39.9,22.4929218450327,11.5949789096404
"mu...610",62.7779303707912,31.453718318825,0.03921,41,26.006072518741,13.3921073119634
"mu...611",62.7215238181816,31.1699181077121,0.05209,41.5,27.7794891110669,14.3182137358841
"mu...612",62.7544304427943,31.7029051494411,0.04684,40.5,24.3458685810265,12.5418619948035
"mu...613",62.7320484983653,30.9274852652352,0.04342,41.1,26.3514588325037,13.5798936899552
"mu...614",62.7541147031589,31.6971981513763,0.05509,41.4,27.4153859326794,14.1232062744234
"mu...615",62.6832268551795,31.0981825356168,0.05139,38.7,19.1993748305019,9.90186338733203
"mu...616",62.7873087454071,31.0437963066886,0.05171,38.6,18.9477304209484,9.75588063256424
"mu...617",62.7618043239151,30.6305820844159,0.0498,34.7,11.326380377119,5.83414076184543
"mu...618",62.6861404647722,31.0126784622071,0.04779,44.4,40.727834623264,21.0039481698007
"mu...619",62.6653397993772,30.9968205279443,0.05188,40.7,24.9968371009126,12.8955202070106
"mu...620",62.8058873061127,31.319736457751,0.05563,36.3,13.9884476491512,7.20029588400625
"mu...621",62.7865349391068,30.9312778341255,0.05171,37.6,16.6057393176098,8.55013207410258
"mu...622",62.6505185420214,30.9630820951504,0.03166,41.5,27.7794893206653,14.3344401913681
"mu...623",62.638028985249,30.890209286598,0.0556,34.8,11.4768061413691,5.92330546001188
"mu...624",62.6958361620386,31.3098384293985,0.05896,35.2,12.0987533596501,6.23854267629722
"mu...625",62.727211004914,31.4164708471975,0.04122,38.5,18.6993836721321,9.63723642812907
"mu...626",62.7804873209062,31.1503666839268,0.04727,38.1,17.738124457649,9.134067062992
"mu...627",62.7164110948842,31.576376875537,0.05088,37.2,15.7521052618438,8.11967443486745
"mu...628",62.5393024092957,30.7043022364663,0.0454,38.2,17.9737048166625,9.29106955943299
"mu...629",62.6974776129837,31.3410118062839,0.06779,32.4,8.36187143499638,4.31156124666334
"mu...630",62.8587720545897,31.1916493636385,0.04919,36.3,13.9884474680592,7.19423838834332
"mu...631",62.7262119804996,31.3465899769614,0.03966,46.3,52.3310429124494,26.9706572412178
"mu...632",62.6281428479307,31.3590216033266,0.04205,44.2,39.6671978817441,20.4759072686903
"mu...633",62.6995971284246,31.2283520825767,0.04968,42.4,31.2819159488884,16.1290865537401
"mu...634",62.7848952179259,30.6718129761549,0.03917,43.1,34.3085714597513,17.6656105543068
"mu...635",62.8506005736497,30.9072507429406,0.04952,36.5,14.3624757792568,7.38756123254169
"mu...636",62.8129948330057,31.4008149789577,0.07368,36.8,14.9423537227845,7.6904313432139
"mu...637",62.6811083666776,31.0364923683678,0.04368,39.5,21.3366521939765,11.0045126265637
"mu...638",62.7386846006032,31.1882916256274,0.03867,42.3,30.8719060973034,15.9077669679323
"mu...639",62.6016705946289,31.4008877484209,0.03968,44,38.6341822186785,19.9511066686034
"mu...640",62.7220883886262,31.2154848167173,0.04178,42.8,32.9771363518653,16.9970516535505
"mu...641",62.7133359495624,30.8318978324434,0.03655,42.3,30.8719062274975,15.9141964494879
"mu...642",62.7248826333352,31.1131840625147,0.04284,38.4,18.4542921855249,9.51127457094164
"mu...643",62.7295222572382,31.158003357785,0.06486,35.3,12.259437184398,6.31800164031922
"mu...644",62.7684168687902,31.0339865632576,0.05768,36.3,13.9884476535319,7.20459411142113
"mu...645",62.7391038809038,30.9513736849731,0.05583,38.2,17.9737045022817,9.26148179777262
"mu...646",62.6833625788656,31.2156999061915,0.0459,38.3,18.2124135261761,9.3928279158361
"mu...647",62.7017408475985,31.5346549985617,0.04598,38.8,19.4543617180784,10.0304074675787
"mu...648",62.8950168105546,31.1220734264056,0.05957,32.8,8.81501504331649,4.53093709766322
"mu...649",62.6642166793677,31.1098889860165,0.05082,40.4,24.0267691852832,12.3952960908208
"mu...650",62.6977550951905,30.9967433168716,0.04826,40.9,25.6652125069844,13.2334793776853
"mu...651",62.7085204174519,30.899416304956,0.03872,40,22.7916506053929,11.7497972005253
"mu...652",62.6774970539258,30.8906249347207,0.05112,39.3,20.781002243307,10.7185490942111
"mu...653",62.6224007183949,31.3588922542648,0.04762,39.5,21.336652306133,11.014828786295
"mu...654",62.7999478308823,31.2850280830748,0.05,39.8,22.1981088226905,11.4271483391375
"mu...655",62.6662113084812,31.6661082803797,0.05498,39.9,22.4929223869995,11.603622069026
"mu...656",62.7438775713928,30.8972209961926,0.04931,37.8,17.04974933598,8.7847183792171
"mu...657",62.8740906394417,31.3973108449013,0.06035,36.2,13.805102012112,7.09821416708323
"mu...658",62.7964091800802,31.0773262862321,0.05085,35.6,12.754405830274,6.56608653530811
"mu...659",62.7268742867141,31.2723252687533,0.06608,34.6,11.1779262945489,5.76087938314488
"mu...660",62.6704294828372,30.6961118873925,0.04307,41.5,27.7794893012898,14.3298863947389
"mu...661",62.8672479543069,30.8745863060441,0.04109,42.2,30.4672700253462,15.6671610659219
"mu...662",62.6911768359888,30.8500065757071,0.04337,39.5,21.3366521716634,11.002745202261
"mu...663",62.5862637168241,31.2946673533135,0.05453,35.1,11.9401762191983,6.16755305429367
"mu...664",62.7627164559272,30.9188199689414,0.04993,36.8,14.9423536749599,7.69659220034083
"mu...665",62.6824276318212,31.5704835052152,0.05479,34.7,11.3263804196081,5.84152863957935
"mu...666",62.6527701159414,31.3123991560107,0.06016,37.3,15.9613089649022,8.23586893479866
"mu...667",62.6737161236653,31.127964238267,0.05031,38.2,17.9737043608432,9.27114444551046
"mu...668",62.7796813860068,30.7671864182181,0.04675,38.3,18.2124133727867,9.37841725661259
"mu...669",62.7825864287897,31.312097767006,0.05334,36.4,14.1742282973878,7.29863056291743
"mu...670",62.7715521585621,30.7421354859929,0.05628,35.4,12.4222547059088,6.39762469613017
"mu...671",62.7445449743641,31.3269862726302,0.04103,39.5,21.3366524046888,10.9933858993791
"mu...672",62.7607783000888,31.2812271324694,0.03498,42,29.6738398229336,15.2850412482458
"mu...673",62.7094011709401,31.2640713536103,0.04847,36.5,14.3624762409552,7.40419477001636
"mu...674",62.7404763646474,31.0917383207329,0.04994,34.7,11.3263801821965,5.83612434013332
"mu...675",62.5959277748061,31.1887792991324,0.05691,40.8,25.3288207069613,13.0812737698285
"mu...676",62.7692451264699,30.931338882237,0.04294,39.4,21.0569944720802,10.8450278205547
"mu...677",62.8075664203623,31.4537012243192,0.05048,38,17.5056325453864,9.010460506514
"mu...678",62.7185413564954,31.6094094800131,0.05332,33.3,9.41613266845597,4.85353055755472
"mu...679",62.8566701638546,31.3107505858022,0.04023,40.7,24.9968375223766,12.8562666273071
"mu...680",62.7025610587689,31.0024053070612,0.03852,39.8,22.1981084891016,11.4448976230726
"mu...681",62.7018026236933,30.8722156184855,0.06006,35.2,12.0987538362145,6.23794837085871
"mu...682",62.7204276598208,31.0693185079995,0.0575,34.4,10.8868301247726,5.6114308411989
"mu...683",62.8493937104396,31.2068623839493,0.04141,39.9,22.49292154947,11.5698038524867
"mu...684",62.7340946365057,30.8551959558142,0.05859,36.5,14.3624760136284,7.40128068470612
"mu...685",62.7110162840051,31.1024127451281,0.05167,35.3,12.2594369621077,6.31986642482268
"mu...686",62.7428126989748,30.8603127737318,0.05504,37.1,15.5456440246914,8.00987767388788
"mu...687",62.7629304534811,31.1655898753323,0.06067,34.8,11.4768060882066,5.91151781015423
"mu...688",62.7340328816896,30.9439183008951,0.06289,34.5,11.0314177741672,5.6847235241071
"mu...689",62.793246790129,30.9985090194356,0.03834,41.1,26.3514587629002,13.5666588987156
"mu...690",62.6860451429366,31.0937364096514,0.04464,39.6,21.6200246443749,11.1497841414875
"mu...691",62.7026675766693,31.0984879909598,0.05236,37.1,15.5456436258157,8.01500672098536
"mu...692",62.7425465721734,30.8342687740128,0.04811,37.1,15.5456438798332,8.00991199073414
"mu...693",62.7743628677544,31.3110421484932,0.03625,44,38.6341824637428,19.8962199654104
"mu...694",62.8841264700909,31.2015206888637,0.05106,38,17.5056322863938,8.99949065771176
"mu...695",62.7296728265701,31.0668252435386,0.06499,34,10.3271825753448,5.32218540671393
"mu...696",62.7966514840854,31.0363612702198,0.04665,39,19.9745401108456,10.2830386398163
"mu...697",62.6543827648103,31.1208791059692,0.04038,39.5,21.3366526121258,11.0092055213413
"mu...698",62.8114090587924,31.3431651177622,0.05925,39.4,21.0569947629851,10.8377465253853
"mu...699",62.7444981811525,31.1998520483065,0.05371,36.9,15.1408034129498,7.80107433536606
"mu...700",62.6389145061422,30.9993767877119,0.04912,37.5,16.3880887083893,8.4579528586756
"mu...701",62.6860993249354,31.1068461541559,0.03997,41.9,29.2849074280299,15.1026708580001
"mu...702",62.6530929263624,31.239110136668,0.04785,35.8,13.0954378377884,6.75707455486443
"mu...703",62.6528322797647,31.0676542796902,0.04723,35,11.7836775230177,6.08024776635708
"mu...704",62.7531540289077,31.3113015246307,0.05367,33.6,9.79630388740549,5.04670469552384
"mu...705",62.7172428719974,30.4539965039538,0.03907,38.9,19.7127352519189,10.1611090344206
"mu...706",62.7496766937858,30.9172493614788,0.06747,34,10.3271824072284,5.32048906142822
"mu...707",62.7826932218111,31.0415481422799,0.05295,34.4,10.886830185951,5.60586556106485
"mu...708",62.6881809519956,30.9468020654492,0.04066,39,19.974539577829,10.3008331600218
"mu...709",62.7201213545366,31.2368142101744,0.05495,41.7,28.5222679147403,14.7013876692248
"mu...710",62.7357464111844,31.4103401068034,0.04955,38.1,17.7381246878485,9.14058093765989
"mu...711",62.8096376220235,30.9128233888848,0.04275,45.2,45.2616633222757,23.2962152783884
"mu...712",62.7098469436995,31.1365836831004,0.04383,38,17.5056321761186,9.02450198209326
"mu...713",62.6605694895968,30.6401585823567,0.05132,35.4,12.4222547953694,6.40895587342481
"mu...714",62.779672506094,31.1497454021504,0.05137,34.9,11.6292293976561,5.98843143787353
"mu...715",62.699494322761,31.1909563737432,0.06092,36.4,14.1742280263117,7.30830369417841
"mu...716",62.8552236079504,30.7741276665179,0.04869,38.6,18.9477300149171,9.74534043219696
"mu...717",62.7047634654106,30.608778412169,0.04582,38.5,18.6993836356406,9.64068616711518
"mu...718",62.5606001671091,31.0293422347609,0.06082,33.4,9.54118799536178,4.93040675019485
"mu...719",62.7341536600157,30.9927561229579,0.03896,39.9,22.4929219388467,11.5910561513773
"mu...720",62.7957578901046,31.0907240869279,0.04941,36.9,15.1408031992649,7.79470694063922
"mu...721",62.6873376054587,31.1329650503693,0.03037,47.3,59.7115552178149,30.7935499255303
"mu...722",62.7369341521591,30.9250028339889,0.05657,34.1,10.464337757425,5.39224538971803
"mu...723",62.7321246345368,30.8949728181105,0.05651,39.9,22.4929221275665,11.5914308240119
"mu...724",62.6618467353055,31.036970458835,0.05575,36.7,14.7465055802938,7.60794020532647
"mu...725",62.785723466945,31.2202837856638,0.04105,39.4,21.0569942824276,10.8421813536526
"mu...726",62.7094305827025,30.6251645625362,0.04622,40.9,25.6652126843667,13.2310153093737
"mu...727",62.7355342064929,31.2800412052665,0.05139,42.3,30.8719063857631,15.9085649638306
"mu...728",62.721789292836,31.005724089852,0.03035,43.2,34.7642232822876,17.9182376529996
"mu...729",62.6852835420538,31.2308273821746,0.04032,42.3,30.8719064036285,15.92131750053
"mu...730",62.7860399901525,30.7833032925021,0.05117,35.9,13.2693587088013,6.8323167286311
"mu...731",62.8196345157772,31.0746424511768,0.04731,39,19.9745401591643,10.2792766855927
"mu...732",62.8247271748991,31.079642756001,0.04236,45.8,48.9902776563942,25.2092804938965
"mu...733",62.7408110062064,31.3698746396192,0.03112,49.6,80.8809143525275,41.6751453717505
"mu...734",62.6570970385594,31.1510134086261,0.03371,44.7,42.3721999421838,21.8621033395022
"mu...735",62.6284717866328,30.852332638174,0.05875,33.2,9.29271585877497,4.79680472403051
"mu...736",62.8576229699939,31.9090716117602,0.061,32.5,8.47292514671856,4.35769274696258
"mu...737",62.7910130905807,30.914559960484,0.05089,37.2,15.7521057615234,8.11002649778392
"mu...738",62.6383229384385,31.0524068287438,0.04457,35.3,12.2594370906174,6.32720079120918
"mu...739",62.7334088682946,30.9074214711031,0.05045,39.4,21.0569944589627,10.8512225976784
"mu...740",62.7736658825838,30.7026697285402,0.04436,40.5,24.3458680622242,12.5380200721095
"mu...741",62.8090926659571,31.2966690333507,0.04533,40.3,23.7118516469541,12.2046164963481
"mu...742",62.816013210736,31.1586147462938,0.0526,36.1,13.6241597400207,7.01165477492892
"mu...743",62.7730379983123,30.7134688487113,0.03588,40.9,25.6652124670079,13.2176090962697
"mu...744",62.7059737167653,31.0364570639679,0.03226,46,50.3001985150889,25.9323541367201
"mu...745",62.7099380305893,31.2371603707914,0.05559,34.6,11.1779261099173,5.76243548268608
"mu...746",62.8085523726616,31.3579784420486,0.04291,39.7,21.9071599802393,11.2758284071224
"mu...747",62.735922673392,30.503706646328,0.07697,33.6,9.79630400604244,5.04809073237735
"mu...748",62.7628243113939,30.8254540022523,0.05409,33.7,9.92640886240905,5.11294173078247
"mu...749",62.7452388996563,31.2492769233675,0.03607,40.8,25.3288202564364,13.0501461427013
"mu...750",62.6788816357599,30.9849340512992,0.04631,36.6,14.5532240482353,7.50618333117403
"mu...751",62.7428234966466,31.4912643646558,0.03963,40.8,25.3288205886808,13.0506479355108
"mu...752",62.9229113329567,31.2484750509495,0.04398,41.9,29.2849073507486,15.0458320781053
"mu...753",62.7469405455986,30.9150094887393,0.04371,42.6,32.1183434191965,16.5478580738
"mu...754",62.6725367433719,30.8618221372027,0.05471,35.8,13.0954379662458,6.75497799644862
"mu...755",62.6825000118974,31.4187714248999,0.04602,38.1,17.7381243004574,9.14834608035124
"mu...756",62.8556053256999,30.828674813997,0.04249,40.4,24.026769362861,12.3575532136421
"mu...757",62.7418844077122,31.0716839328829,0.05079,37.2,15.7521052702813,8.11637766150371
"mu...758",62.7562289881319,31.2178082307809,0.05008,37.4,16.1732914314292,8.33149116250424
"mu...759",62.6812139801556,31.0494646060112,0.04794,43,33.8588916507219,17.4629048506371
"mu...760",62.6593366240305,30.6967289814523,0.03854,41.7,28.5222675677838,14.7156506692109
"mu...761",62.7491923039031,31.0722292294222,0.05027,36.5,14.3624763770939,7.39949934295435
"mu...762",62.7647635763475,31.2636411558027,0.06234,33.7,9.9264085887025,5.11278413140762
"mu...763",62.7176716442082,31.6378461486675,0.0511,38.5,18.6993837422898,9.63870207730418
"mu...764",62.7495226019522,31.4342649194878,0.04144,40.2,23.4010623500925,12.0560854802636
"mu...765",62.7284082941538,30.7763308026812,0.03368,42.9,33.4151056532812,17.2210545521672
"mu...766",62.8370671194656,31.2243757832099,0.06711,35.7,12.9237972999214,6.64898530533354
"mu...767",62.707043704126,31.0803849925428,0.06086,36,13.4455887568157,6.93177861452826
"mu...768",62.7404731206152,30.8579747045999,0.02947,43.6,36.6481565043309,18.8836293448396
"mu...769",62.8079946056467,30.6799743230649,0.04638,37.5,16.3880887365552,8.43518405353482
"mu...770",62.7195513474042,31.376769592542,0.0557,41.2,26.7014327464083,13.7629891654833
"mu...771",62.6097702171186,31.0540992896376,0.04651,39.7,21.907159978893,11.3116287069291
"mu...772",62.7038192401474,30.7887789444448,0.05925,41.6,28.1484280014929,14.5124714190452
"mu...773",62.7383034533082,31.3852988418259,0.0413,44.7,42.3722004504265,21.8338029692811
"mu...774",62.6740688728271,30.8892377270923,0.05446,36.5,14.3624763381014,7.40836863706167
"mu...775",62.6774494515674,31.2316898997649,0.05294,37.1,15.5456436214482,8.0182315383289
"mu...776",62.761836508013,30.8018982318599,0.04474,39.2,20.5086268636745,10.5638474677712
"mu...777",62.718986903425,31.2054666405297,0.05753,37.3,15.9613090023969,8.22717394615861
"mu...778",62.7432402281398,30.9846316047087,0.02864,40.8,25.3288204938676,13.0505614080747
"mu...779",62.758216197687,30.9235136842839,0.04219,41.1,26.3514591946129,13.5742305463566
"mu...780",62.5911630864183,31.0249755706646,0.04941,44.7,42.3722001052438,21.8851319669698
"mu...781",62.7984238604304,31.2985430447538,0.04254,39,19.9745401615199,10.282748493761
"mu...782",62.7667354410382,30.6604155226063,0.05251,36.2,13.805101983468,7.11035494092028
"mu...783",62.6851378470735,31.0052943484775,0.04963,36.3,13.9884479525038,7.21416523812503
"mu...784",62.8038789525528,30.7770852243047,0.05078,36.5,14.36247561928,7.39305735725973
"mu...785",62.7369684127359,30.8418508444457,0.03802,40.3,23.7118518703631,12.2186463117211
"mu...786",62.6841641649419,31.0123366563836,0.05832,34.4,10.8868302521936,5.61467699350529
"mu...787",62.7029255808328,31.5533385293386,0.067,35.3,12.2594374521437,6.32068120552764
"mu...788",62.7772012611116,31.3471551445842,0.02808,49.5,79.8208144314111,41.1050674538634
"mu...789",62.7271518412782,31.4281743626534,0.05899,36.9,15.1408033276331,7.80323191287484
"mu...790",62.6352019603948,30.6135512180708,0.04812,44.9,43.5051642603121,22.4545061281864
"mu...791",62.7899981306351,31.0156036136052,0.03653,43,33.8588915956861,17.4326502111158
"mu...792",62.7901737295444,30.6810956489046,0.04963,39.3,20.7810019818845,10.6993150563518
"mu...793",62.5973257507191,30.8685295370522,0.05059,40.8,25.3288200290577,13.080983579052
"mu...794",62.7379084448504,31.2793972030317,0.03837,45.3,45.8627832287344,23.6326023613448
"mu...795",62.7877390244367,31.5486550717546,0.05116,35.1,11.940176727165,6.14776181066483
"mu...796",62.7677848760085,31.3586248863207,0.04775,41,26.006071894224,13.3942733901238
"mu...797",62.6505976365892,31.4759752025822,0.04731,38.1,17.7381243879358,9.15300420429046
"mu...798",62.6127769002597,30.7406006643605,0.04308,44.9,43.5051641785734,22.4625472968172
"mu...799",62.7341234156109,31.2780350936656,0.03847,39.6,21.6200242587324,11.1412402714184
"mu...800",62.7798967814973,30.7138633781981,0.03663,41,26.0060717893569,13.3916891470339
"mu...801",62.7436063305694,30.9754822582265,0.05339,38.9,19.7127350900142,10.1568401472069
"mu...802",62.7651366683608,31.099210906046,0.04773,39,19.9745401830481,10.2882020081547
"mu...803",62.7256434151346,30.6243933079084,0.05432,34.6,11.1779262857352,5.76099245516576
"mu...804",62.7326993208133,31.5483709726237,0.05884,35.2,12.0987535834065,6.23487650866026
"mu...805",62.7224641131542,31.241437124182,0.03486,48.1,66.3586544800055,34.2023256569426
"mu...806",62.713845478765,31.6049831710301,0.04398,38.7,19.1993752473092,9.89702834526483
"mu...807",62.9070107092366,31.2040740875571,0.04794,38.1,17.7381243603248,9.11569636519538
"mu...808",62.7023929357596,30.7081180875197,0.05808,37.2,15.7521053536865,8.12148942932926
"mu...809",62.6531411586114,30.9041154301888,0.03236,47.2,58.9289196346728,30.4065287057025
"mu...810",62.7089458680966,30.848857494332,0.03986,51.2,99.8905555664829,51.4963074855742
"mu...811",62.6909392794254,31.3575156299482,0.05191,39.4,21.0569943912983,10.858573822838
"mu...812",62.7640982331473,30.9134098752213,0.03873,38.6,18.9477304027191,9.75948866543407
"mu...813",62.7176282348407,31.0538547983503,0.0559,38.8,19.4543617865263,10.0278666326141
"mu...814",62.8143119553118,31.4905465382593,0.05916,35.7,12.9237969336262,6.65139467058378
"mu...815",62.8393936090346,31.6173796257735,0.04994,37,15.3418885651186,7.8927431128166
"mu...816",62.7427187088341,30.8867084035718,0.04341,40.8,25.3288200086426,13.0506708887196
"mu...817",62.7344618649931,31.1909381041365,0.04446,38.9,19.7127353476908,10.1583199106344
"mu...818",62.8857613675692,31.2882657531436,0.0446,39.8,22.1981089134914,11.4115548249819
"mu...819",62.7344499469886,31.7737079917632,0.05321,40.1,23.0943464076547,11.9009256578053
"mu...820",62.7511537061361,31.1651721613708,0.04969,45.2,45.2616629930602,23.3179292096874
"mu...821",62.6722257892261,30.8011874258326,0.052,38.6,18.947730020139,9.77379618241516
"mu...822",62.7197381873268,30.9868988603263,0.04715,38.1,17.7381241305071,9.1429147255635
"mu...823",62.736911033378,31.4260079913951,0.06043,35.4,12.4222549307399,6.40115687736462
"mu...824",62.7482867094724,31.2336235514474,0.05296,37.9,17.2761874478754,8.90076208649121
"mu...825",62.594165551487,30.7793892533412,0.04936,36.6,14.5532238768307,7.51634276759252
"mu...826",62.7569484429679,31.0672446395855,0.04332,37.6,16.6057387618146,8.5541639878059
"mu...827",62.782110823583,31.4721652256537,0.05128,43,33.858891527441,17.4348417741747
"mu...828",62.8780028007362,31.1469467382104,0.06647,33.3,9.41613246865125,4.84122207031567
"mu...829",62.7186394512565,30.8964279508537,0.0337,46,50.3001980933304,25.9271190789725
"mu...830",62.7265867592438,31.1324043990762,0.03389,44.6,41.8168311477843,21.5516540650275
"mu...831",62.8216644069728,30.8969883470602,0.04861,41.2,26.7014322463725,13.7406193592363
"mu...832",62.7179034117294,31.2470018793993,0.04638,39.5,21.3366525262626,10.9980554551182
"mu...833",62.7373519981317,31.5673673065869,0.06687,38.9,19.712734985195,10.1578524294338
"mu...834",62.7064965945785,30.4193985588711,0.04998,36.6,14.5532242632711,7.50287731925779
"mu...835",62.693250148106,30.4708239031847,0.05597,40.5,24.3458680388615,12.5541032592558
"mu...836",62.8703613437331,31.1900049192025,0.06358,32,7.93202150506796,4.07867488274166
"mu...837",62.6926202067338,30.9526072991961,0.04273,41.4,27.4153856208725,14.1370604254427
"mu...838",62.6784505824516,31.2788278309873,0.05702,38.1,17.738124494614,9.14893682497015
"mu...839",62.682112094429,31.2211411794525,0.07088,37.9,17.2761874711555,8.91015861191703
"mu...840",62.7676515025237,31.0808941306991,0.04528,37.3,15.9613091240064,8.22079477127937
"mu...841",62.7568850430877,31.2438161290701,0.04885,39.1,20.2398216120761,10.4262107966017
"mu...842",62.7477809817776,31.3108913069735,0.05167,35.9,13.2693586979489,6.83648275268535
"mu...843",62.7148125530769,30.8447491506632,0.03685,42.2,30.4672704448737,15.7052400955036
"mu...844",62.7364344833702,31.042764139523,0.0536,36.8,14.942353823208,7.6998163068147
"mu...845",62.7372370205748,31.0236057969005,0.0409,43.4,35.6937624661537,18.3928123735754
"mu...846",62.7579053340318,31.3238429453197,0.03953,39.9,22.4929220874108,11.5866691230421
"mu...847",62.7497930774471,31.2849943673443,0.03625,43,33.8588914795663,17.4438209812187
"mu...848",62.7129450334206,31.2212694142451,0.03401,46.1,50.9682354504804,26.2738419149185
"mu...849",62.6808453277385,31.1077787855192,0.05555,37,15.3418879805085,7.91270847314997
"mu...850",62.7780305077666,30.7497398082724,0.04006,42.7,32.5449072801318,16.759326258509
"mu...851",62.7809473515295,30.7764426653219,0.03928,42.7,32.544907383906,16.7585466313261
"mu...852",62.737006068307,31.1429651527495,0.05724,34.8,11.4768061501934,5.91396052636276
"mu...853",62.8381546588457,31.0853205153854,0.05336,37.6,16.6057391467489,8.54310897237901
"mu...854",62.7017972578056,30.570102574663,0.04009,43.9,38.1278073963812,19.6581656326023
"mu...855",62.7105335915422,31.0705105869785,0.04622,37.5,16.3880885843006,8.44829383757563
"mu...856",62.7275233757589,31.7491547981239,0.05273,35.6,12.7544057887427,6.57329735712349
"mu...857",62.6678293910037,30.9742949302767,0.05485,36.1,13.6241595022221,7.02823487793997
"mu...858",62.823075139751,30.9857093706522,0.0475,36.5,14.3624761851331,7.39079748104637
"mu...859",62.6654391713549,30.4987708546062,0.04852,38.1,17.7381243823929,9.15083675416666
"mu...860",62.6570857124593,30.8554731470554,0.03582,42.1,30.0679378063191,15.5136745747091
"mu...861",62.6910471107074,31.0305737727729,0.05107,37.8,17.0497492960947,8.79212134864621
"mu...862",62.7519764255834,31.2437307895533,0.05516,34.4,10.8868300326046,5.60860983542341
"mu...863",62.7906235507117,30.8733162506091,0.05134,39.5,21.3366521989205,10.9853186961513
"mu...864",62.8492259934867,31.2301282749781,0.04567,39.6,21.6200244819929,11.1208355669642
"mu...865",62.8137484869913,30.9118630573866,0.03447,45.2,45.2616632447979,23.294692108865
"mu...866",62.6965908150584,30.7808886632903,0.03962,44.5,41.2687406786827,21.2793567695909
"mu...867",62.716038185021,31.108975578186,0.05205,37.5,16.3880890841182,8.44755150666003
"mu...868",62.8038944502502,31.1730461143889,0.04363,40.4,24.0267689958975,12.3677289794037
"mu...869",62.7536316052865,30.89548698502,0.0485,42,29.6738401606141,15.286780542787
"mu...870",62.7545796103484,30.9762598929314,0.05419,44.4,40.7278344769908,20.9810422740528
"mu...871",62.6943554908937,30.8327316874674,0.03754,38.2,17.9737045020756,9.26809191887287
"mu...872",62.7830724200389,30.7543804248989,0.06841,35.7,12.9237971573686,6.65470402485736
"mu...873",62.6739678242906,31.1594205583853,0.0392,42,29.67383964738,15.3062130776066
"mu...874",62.6390065593,31.0353012701867,0.06207,33.6,9.79630391245092,5.05590134876028
"mu...875",62.785729578426,30.8059969524477,0.06253,38.5,18.6993838582751,9.62825342040602
"mu...876",62.7879034326554,31.583532350107,0.04044,38.4,18.4542921427202,9.50172824898736
"mu...877",62.7546990413145,31.0683997768509,0.0522,35.5,12.587235147138,6.48433162316672
"mu...878",62.7425710489094,31.3212086582552,0.04905,42.6,32.1183441558089,16.5490076385817
"mu...879",62.7181518588615,31.3013833570453,0.05231,34.8,11.4768061306896,5.91573830851706
"mu...880",62.8185093583261,31.5194301748174,0.06235,37.2,15.7521056550001,8.106476640535
"mu...881",62.778619662085,31.0818021323349,0.0536,34.3,10.7441372491551,5.53274896387374
"mu...882",62.675212700715,30.5885575280669,0.06465,39.7,21.9071602651236,11.2998171145454
"mu...883",62.7040673924616,31.1383736461019,0.05117,39.3,20.7810022245343,10.7140071331507
"mu...884",62.6815730154592,30.9318338457476,0.05442,40.2,23.4010623435022,12.0691548220548
"mu...885",62.6901891190635,30.7818095355673,0.04451,37.8,17.0497494686181,8.79224151745068
"mu...886",62.7370229264026,31.0071167317444,0.05146,37.5,16.3880889590999,8.44472579607672
"mu...887",62.7211383638828,31.6631729266364,0.05815,33.4,9.54118820322069,4.91778685601756
"mu...888",62.7264189172729,30.8697379531025,0.04474,40.4,24.0267687886434,12.383004871372
"mu...889",62.8113515996053,30.9149407080161,0.04589,40.3,23.7118515824214,12.2041778739091
"mu...890",62.7603757606329,31.35109380349,0.04907,41.5,27.7794889391394,14.3093503293329
"mu...891",62.759747833005,30.9309158507915,0.05029,33.2,9.29271602055857,4.78677095211257
"mu...892",62.7869993189208,31.197758154983,0.04713,40.4,24.02676904517,12.3710569566141
"mu...893",62.7749848070493,30.9144695106684,0.04562,44,38.6341822305886,19.8960232264384
"mu...894",62.6512854548734,31.6786161628734,0.06264,33.4,9.54118789586821,4.92327030456948
"mu...895",62.7290678569714,30.6985479852336,0.05001,35.5,12.5872348294826,6.48698168830712
"mu...896",62.7431794051431,31.3438123268997,0.04908,39.9,22.4929217644924,11.5893892676387
"mu...897",62.7620706922652,31.2684806814022,0.0426,39.3,20.7810020611747,10.7041059612417
"mu...898",62.725771858564,31.1064027942123,0.04981,35.7,12.9237970861901,6.66078295081172
"mu...899",62.69405698864,30.6337867235631,0.05797,34.4,10.8868303413131,5.61379087725464
"mu...900",62.7069439904257,31.2297401288804,0.04134,42.4,31.2819161183361,16.1271964327292
"mu...901",62.7293964394778,30.7392556405105,0.04838,39,19.9745402796085,10.2940630899629
"mu...902",62.7363421323281,30.9242437809101,0.04693,36.8,14.9423534744263,7.69982824608948
"mu...903",62.8756023953662,31.2320778966677,0.0434,42,29.6738400043907,15.2571268186355
"mu...904",62.693054602571,31.3910675869679,0.05016,38.4,18.4542920146153,9.51610380671791
"mu...905",62.682855758594,31.3667028265892,0.06658,32.4,8.36187128346054,4.31256709191981
"mu...906",62.7602402785997,30.9429054093912,0.06484,33.5,9.66790456757954,4.97999543982227
"mu...907",62.8083849780867,30.9934480599867,0.0577,37.5,16.3880885082898,8.43513195189248
"mu...908",62.8302514049589,30.6589642770646,0.04266,39.3,20.7810017662459,10.6924907064384
"mu...909",62.6822269735575,31.035350816913,0.04337,40,22.7916506438509,11.7547259287788
"mu...910",62.6782161183024,31.101407437874,0.04972,41,26.0060724090374,13.4134127451025
"mu...911",62.809746914803,30.7794542562346,0.03677,44.9,43.5051642575024,22.3921059695985
"mu...912",62.716949207068,31.3319651559808,0.0537,39.2,20.5086267969282,10.5714086757576
"mu...913",62.7422147783932,30.6696658051707,0.04638,37.5,16.3880883526938,8.44402810570962
"mu...914",62.7390895962635,30.9464812323903,0.04759,36.2,13.8051021366166,7.11348781642249
"mu...915",62.7260393784948,30.7480427232363,0.04342,40.2,23.4010618006334,12.060599987145
"mu...916",62.936350400835,31.1398189576959,0.03495,44.8,42.9349449800911,22.0541617459684
"mu...917",62.6856632145483,31.1424430218965,0.06807,33.8,10.0582415766118,5.18722380182449
"mu...918",62.743604008196,31.2522090984546,0.04519,48.4,69.0378508465808,35.5712388205774
"mu...919",62.749456363835,31.0168913985487,0.05904,34.7,11.3263800731028,5.83528925347468
"mu...920",62.8887179657711,31.0739225142402,0.05625,35.5,12.587234829481,6.47051375311028
"mu...921",62.7170231748536,30.9793484604478,0.04269,49.5,79.8208139695827,41.1445108228842
"mu...922",62.7819038105919,30.6763669512806,0.06578,31.9,7.82805699536389,4.03088753463888
"mu...923",62.7039100363462,31.0965218200524,0.03893,42.6,32.1183438379504,16.559212960095
"mu...924",62.6549113492646,31.2905903006243,0.06614,36.8,14.9423535288637,7.70983535467448
"mu...925",62.6720363331566,31.3621924488957,0.06585,35,11.7836773791292,6.07838496990412
"mu...926",62.7403777129565,31.046036722136,0.04776,34.4,10.8868300992683,5.60964657233
"mu...927",62.7237020594711,31.0996094446341,0.0506,36.2,13.8051021268937,7.11523277108417
"mu...928",62.769095459691,31.4707764739476,0.05192,35.6,12.7544057591837,6.56894370020912
"mu...929",62.8680940810131,31.0631896748365,0.05183,38.4,18.4542922994564,9.48960804749703
"mu...930",62.7128339131609,31.0025606756065,0.04665,35.9,13.2693584552304,6.84029266110775
"mu...931",62.6668875208004,31.220227334162,0.04832,37,15.3418882204244,7.91447049266833
"mu...932",62.6679951047685,30.8928906433834,0.05242,36.9,15.1408034024878,7.81059789424022
"mu...933",62.688069527613,31.1649739722427,0.02936,43.2,34.7642235667156,17.9278749134552
"mu...934",62.7493712940549,31.1670389160064,0.04346,41.1,26.3514589458087,13.5761439697855
"mu...935",62.6429413597908,31.3313665963801,0.05764,35.3,12.2594368828982,6.32673454312957
"mu...936",62.6846322247872,30.783841671935,0.04296,40.7,24.9968374692816,12.8915510153911
"mu...937",62.8254941031686,31.3933807103448,0.04855,35.2,12.0987537788029,6.22566723068748
"mu...938",62.6636269124668,31.2138422388051,0.05048,41.4,27.4153854735259,14.1436015272439
"mu...939",62.7233894515355,31.2684236833513,0.04113,40.1,23.0943464312882,11.9030243581778
"mu...940",62.7174235292931,31.2881529431956,0.03781,42.4,31.2819154965525,16.1245028708237
"mu...941",62.656651056358,30.8212686029657,0.04439,39.8,22.19810912788,11.4532822232829
"mu...942",62.6637553202426,31.1085620367389,0.04932,41.3,27.0560541448629,13.9581934521438
"mu...943",62.6642175400156,30.9413442092044,0.05828,34.9,11.6292295397967,5.99946457073497
"mu...944",62.7132047146212,31.0069150426941,0.04024,43,33.8588916261131,17.4539977061945
"mu...945",62.7236562222693,31.268281377529,0.03557,43.7,37.1348801733287,19.1395555510248
"mu...946",62.8573381388262,31.0491996853275,0.04632,38.2,17.9737043771618,9.24406120751347
"mu...947",62.6910523229164,31.202802570623,0.04758,39.7,21.9071599419415,11.296962928494
"mu...948",62.7146440670582,31.5254167426317,0.03027,44.5,41.2687406969659,21.2732303381968
"mu...949",62.7630000181764,30.86613912798,0.07581,33.4,9.54118787732289,4.91450713139345
"mu...950",62.7502735647934,31.1598322920303,0.06639,38.7,19.1993747242254,9.89128434117343
"mu...951",62.7709707089852,30.9976227515379,0.02909,45.4,46.4718874892916,23.933851386625
"mu...952",62.7776641984893,31.1800711104993,0.05549,35.2,12.0987539216497,6.2304101421924
"mu...953",62.729773062925,30.8910234057522,0.04743,40.5,24.3458683443216,12.546792653014
"mu...954",62.8096250697355,30.6334155977162,0.03821,36.6,14.553224423719,7.49055789360119
"mu...955",62.8112940617368,30.9873412812353,0.04551,36.9,15.1408029530752,7.79277913957685
"mu...956",62.8965546410681,31.6124012307738,0.04207,39.5,21.3366523381803,10.9668172140266
"mu...957",62.6532514515252,31.9481007349607,0.05784,40.3,23.7118517804875,12.234973390733
"mu...958",62.7089690851161,31.2415747561923,0.05492,41.7,28.5222678965098,14.7040022580604
"mu...959",62.6558716242259,31.5224910090635,0.04524,40.9,25.6652125244966,13.2423255481479
"mu...960",62.6690142970741,30.6507185514097,0.03331,42.9,33.4151050000786,17.2373774665125
"mu...961",62.7540170875331,31.3689060898392,0.05098,39.3,20.7810021036664,10.705479289038
"mu...962",62.7838573301505,31.040105622209,0.06564,39.3,20.7810021036669,10.7003911324166
"mu...963",62.7331365364539,31.2890184880231,0.06282,35.5,12.5872347533811,6.48656106936977
"mu...964",62.6901786803199,30.661257353456,0.04827,36.4,14.1742277326021,7.30939004440947
"mu...965",62.8029332061079,31.0449350143714,0.05412,38.3,18.2124131275842,9.37494547340117
"mu...966",62.7418318494173,31.4099501736782,0.05672,37.3,15.9613092164924,8.22417775045023
"mu...967",62.8721102332071,30.8280195961725,0.04283,43.6,36.6481561185898,18.8440942115657
"mu...968",62.8004799209342,30.9383007734839,0.03417,42.4,31.2819154204753,16.1031782516784
"mu...969",62.7418761194661,30.9803998378937,0.05071,42.6,32.1183437977443,16.5491927059596
"mu...970",62.8204578117468,30.4241271224941,0.05155,40.3,23.7118516823393,12.2024081759182
"mu...971",62.7087263791438,31.3101102417055,0.03572,40.7,24.9968377184873,12.8865967639643
"mu...972",62.8571228668188,30.740671137841,0.04152,34.4,10.8868304183814,5.59922730934201
"mu...973",62.7883840888417,31.0647021201159,0.05565,38.2,17.9737044364935,9.25421288958379
"mu...974",62.7717999530568,30.7167742440096,0.06727,34.7,11.3263807130031,5.83321131254121
"mu...975",62.7089563767134,30.9895929196335,0.04812,39.7,21.9071595813638,11.2937381604684
"mu...976",62.8126754650389,30.5972565960206,0.04444,40,22.7916504855435,11.730314310071
"mu...977",62.6547841119147,31.2760317361544,0.06016,33.5,9.6679045916293,4.98837738442056
"mu...978",62.8695402882082,31.3333169549627,0.05266,35.7,12.9237969011695,6.64555167744932
"mu...979",62.7086430069481,30.9749363385311,0.03982,41.3,27.0560541634626,13.9482019982788
"mu...980",62.8345239616812,30.9270592596135,0.05494,35.6,12.7544059627134,6.56210337451508
"mu...981",62.7709491418376,30.8550260171415,0.04671,41,26.0060724115649,13.3935967969633
"mu...982",62.8494084981139,31.4088189837113,0.04397,40.3,23.7118516754064,12.196787647728
"mu...983",62.6312917072316,30.6077759684432,0.03999,40,22.7916504434428,11.7642862618035
"mu...984",62.8203455835592,31.4506710933747,0.04796,41.1,26.3514589785895,13.5608056859644
"mu...985",62.8021325256406,30.893507642616,0.04249,42.8,32.977136024093,16.975388997738
"mu...986",62.6909311748808,31.2197567613211,0.0683,33.6,9.7963040554902,5.05171357676172
"mu...987",62.7809059328933,31.5827273080733,0.03028,48.1,66.3586544257655,34.1704891108301
"mu...988",62.7220763284289,31.5563620483273,0.03952,39.9,22.4929219241005,11.593288205471
"mu...989",62.7354474929319,31.3006660187073,0.04522,46.8,55.8996240200953,28.8056080947425
"mu...990",62.6504846550338,31.3787251169633,0.05134,35.9,13.2693584664849,6.84710008758289
"mu...991",62.6938059027277,30.5108846383302,0.04501,40.1,23.0943459574962,11.9086424118831
"mu...992",62.7268128399357,30.6224908021039,0.0517,37.5,16.3880889750987,8.44610064083602
"mu...993",62.7673990873521,31.6297853360593,0.04527,35.9,13.2693586817432,6.83434580489013
"mu...994",62.8441586556864,31.0907632689647,0.0369,44,38.6341817968968,19.8741250750384
"mu...995",62.9109741117674,30.8339563404408,0.03318,44.2,39.6671973523225,20.3838547718367
"mu...996",62.7795498134406,31.0870271544815,0.04767,40.3,23.7118516929899,12.2103594818036
"mu...997",62.7339399070699,30.8319485760985,0.05007,38.4,18.4542923510185,9.50990105098488
"mu...998",62.7369670285665,31.0009612733672,0.05505,34.3,10.7441374850054,5.53642194422985
"mu...999",62.7645590279862,31.3308722827984,0.06132,33.8,10.0582414521233,5.18070363263483
"mu...1000",62.7532715397998,30.8137171101767,0.03956,40,22.7916499194644,11.7414199826838
