"","lambda","eps","T4","L","M"
"time...1",0.0407613776474341,0.01072,48.9,93.5732841712458,48.0614471501028
"time...2",0.0392061154545504,0.01089,56.1,93.7329371050003,49.2848170956127
"time...3",0.0411316819437008,0.01096,46.7,90.7590928058474,46.4160351265388
"time...4",0.0417059912512367,0.01068,44.9,92.783628400425,47.0512531420771
"time...5",0.0387138226396637,0.01088,59.4,94.837599871948,50.2167385536147
"time...6",0.0424134570284296,0.01094,41.8,88.1612630697781,44.3276501836205
"time...7",0.0405976892191018,0.01082,48.8,91.0353972450888,46.9311713894256
"time...8",0.0399822816297212,0.01111,51.7,90.7802833373877,47.1969593299408
"time...9",0.0394809735550571,0.01109,54.9,90.8811096558746,47.5558245003431
"time...10",0.0405568106158443,0.01091,49.8,91.05004192396,46.8921261226441
"time...11",0.0409206349500332,0.01113,47.6,89.6997556835494,45.9978934226995
"time...12",0.0398342283758944,0.01091,52.9,91.675745313983,47.7412203941498
"time...13",0.0399160226454568,0.0108,53,94.019966855492,48.8695339600867
"time...14",0.0400273861740107,0.01098,51.8,90.777636950371,47.1466012126612
"time...15",0.0388517612853898,0.01099,58.2,93.4853714799156,49.4130202099598
"time...16",0.039632341143719,0.01099,53.9,91.3196132274754,47.6968517468628
"time...17",0.0419842844224337,0.01085,42.8,88.8435330743947,44.9818740432464
"time...18",0.0404007575864932,0.01086,49.8,91.0403346602055,47.0536617274771
"time...19",0.0401997158114227,0.01077,50.9,93.3758165794682,48.3923664931363
"time...20",0.042441576885317,0.01061,42,92.4128957756121,46.437243888885
"time...21",0.0397888550950868,0.01076,53,94.0360915088317,49.0218612421402
"time...22",0.0412439846577751,0.01099,46.7,90.785718503434,46.3136325718024
"time...23",0.0414246331068811,0.01082,45.8,90.4791113321832,46.0688168228784
"time...24",0.0397518724108532,0.01103,53.9,91.2975961196378,47.5531122600451
"time...25",0.0410624895763205,0.01094,46.7,90.7426904580679,46.4794006582309
"time...26",0.0399936175764311,0.01111,51.7,90.7796179619012,47.1842908614771
"time...27",0.0393086186246974,0.01106,56,92.5792532970104,48.5609883298151
"time...28",0.0414723591402139,0.01083,45.8,90.4930844158741,46.0273106947998
"time...29",0.0400569432806328,0.01099,51.8,90.775902581687,47.1136583869499
"time...30",0.0410745577588174,0.01079,46.8,90.7455514481551,46.4683372881951
"time...31",0.0402093099410307,0.01106,50.7,90.9529545742938,47.1263558454679
"time...32",0.0399418452953534,0.01081,53,94.0166932575684,48.838717034589
"time...33",0.0415538333556935,0.0108,44.8,90.0376152148278,45.8118738322988
"time...34",0.0409901257577311,0.01115,47.6,89.7121013012671,45.9326026365933
"time...35",0.0397158582364617,0.01088,54,93.6075130037454,48.797012206046
"time...36",0.0413257069019206,0.01095,45.7,90.4501492519271,46.1551373855633
"time...37",0.0393500623132673,0.01121,55.9,90.3653646944236,47.3536363664525
"time...38",0.0398792695019811,0.01079,53,94.0246266936116,48.9134621724151
"time...39",0.0404864215627138,0.01089,49.8,91.0456632390566,46.9648299266225
"time...40",0.0394560110837392,0.01095,55,93.1399213637611,48.7662510054048
"time...41",0.040371752384426,0.01111,50.7,90.9532886606674,46.9519960258821
"time...42",0.0400408670783918,0.01127,51.6,89.6125586416451,46.5270615622866
"time...43",0.0393427076490233,0.01081,56.2,94.8227968215162,49.6980172868654
"time...44",0.0393685542374725,0.01095,56.1,93.6804809547361,49.0695506367917
"time...45",0.0398183626083535,0.01077,53,94.03235019908,48.986428459937
"time...46",0.0407751768408293,0.01102,48.7,91.0569732543109,46.7544691460812
"time...47",0.0397283531879076,0.01075,54.1,94.7784294429447,49.3930806410214
"time...48",0.0400571581905771,0.01099,51.8,90.7758904193892,47.1134184816736
"time...49",0.0423771980273458,0.0106,42,92.3793093046665,46.484809058991
"time...50",0.0420910170662231,0.01104,42.7,88.8913967043167,44.9016943232583
"time...51",0.0404392121304029,0.01102,49.7,91.0427269505376,47.0137432369378
"time...52",0.0418200187255562,0.01083,43.8,89.5229348921575,45.3849235953116
"time...53",0.0400285683465561,0.01098,51.8,90.7775672555869,47.1452754137949
"time...54",0.0406932463132541,0.0107,48.9,93.5648173826575,48.1310344188614
"time...55",0.0413789494865009,0.01065,45.9,93.116937570305,47.4598938935285
"time...56",0.0406309560170329,0.01083,48.8,91.0394414241023,46.8979275920698
"time...57",0.0391303028472734,0.01091,57.2,94.1653400349436,49.5217942306717
"time...58",0.0406083684085749,0.01097,48.7,91.0366946124611,46.9204893031674
"time...59",0.0398828376848083,0.01079,53,94.0241751653935,48.9091869295086
"time...60",0.0420104174547937,0.01102,42.7,88.8552504149025,44.9622039699976
"time...61",0.0409484703815802,0.01083,47.8,90.9601471996149,46.6151049962035
"time...62",0.041607931701059,0.0105,45,94.1247034325124,47.8343629535036
"time...63",0.0405449908296335,0.01076,49.9,93.5201347253166,48.1771677853899
"time...64",0.0418385501529329,0.011,43.7,89.5303230295236,45.3702616678239
"time...65",0.0401095710129709,0.01115,51.7,90.7728156418896,47.0551242727191
"time...66",0.0396660717986618,0.011,53.9,91.3133995988143,47.6561965657147
"time...67",0.0402815901873359,0.01094,50.8,90.9531034572129,47.0486011847294
"time...68",0.0395767535480152,0.01097,53.9,91.329854369076,47.7639904518237
"time...69",0.0404147177428925,0.01072,49.9,93.5119287876684,48.3157333135923
"time...70",0.0401642907936934,0.01117,51.7,90.7696046217824,46.9944195031122
"time...71",0.0401175761120585,0.01101,51.8,90.7723459366563,47.0462250886704
"time...72",0.0401630868785527,0.01117,51.7,90.7696756559085,46.9957586285381
"time...73",0.0402636525359328,0.01079,50.9,93.3758790979623,48.3216647435187
"time...74",0.0403912943910796,0.01086,49.8,91.0397456201014,47.0634982124687
"time...75",0.0397140924211097,0.01088,54,93.6078494324357,48.7991866271787
"time...76",0.0404300732860578,0.01087,49.8,91.0421587156181,47.0232216148385
"time...77",0.0407105125484121,0.01056,49,94.8518789359184,48.774096953299
"time...78",0.0393462654317867,0.01121,55.9,90.3665350345451,47.3584647430901
"time...79",0.0401176070170915,0.01101,51.8,90.7723440358865,47.0461921502544
"time...80",0.0384329138429168,0.01094,61.6,95.0751138627186,50.5350318333316
"time...81",0.0422779060195501,0.01074,41.9,90.8942315579003,45.8356904359426
"time...82",0.0404452557128369,0.01102,49.7,91.0431028418178,47.0074694440705
"time...83",0.0401282528812882,0.0113,51.6,89.6075547191708,46.4311551202424
"time...84",0.0408359985779176,0.01095,47.7,90.9399108149165,46.7226035818163
"time...85",0.0410964370469863,0.01095,46.7,90.7507375957452,46.4482865620178
"time...86",0.0396938627628435,0.01101,53.9,91.3082805253277,47.6227579491386
"time...87",0.0401796486432839,0.01105,50.7,90.9528940544162,47.1583497314658
"time...88",0.0417444024271914,0.01081,43.8,89.4927909075027,45.4448828192366
"time...89",0.0397262667396573,0.01102,53.9,91.3023128173614,47.5838269406435
"time...90",0.0408048841178398,0.01088,48.8,91.0605850269598,46.7250433884321
"time...91",0.0407401195327483,0.01086,48.8,91.0527116666727,46.7892434565078
"time...92",0.0409433593000919,0.01098,47.7,90.9592280545162,46.6199749747908
"time...93",0.0415135930298079,0.01079,44.8,90.0236668046032,45.8454664144163
"time...94",0.0403968202716421,0.01086,49.8,91.0400899587752,47.057754680378
"time...95",0.0405842926510092,0.01092,49.8,91.0517510075252,46.8638074022811
"time...96",0.0412052965715776,0.01098,46.7,90.7765454761612,46.3488451240055
"time...97",0.0400499205918392,0.01113,51.7,90.776314824025,47.1214779509564
"time...98",0.040484871325014,0.01089,49.8,91.045567013979,46.9664381018859
"time...99",0.0401277074320084,0.0113,51.6,89.607585361746,46.4317524627111
"time...100",0.0387371924572011,0.01089,59.4,94.8250963886559,50.1821012075176
"time...101",0.0407778190431471,0.01058,49,94.860335075786,48.7044467139115
"time...102",0.0396737294839567,0.01114,53.8,91.3119893824688,47.6469784139995
"time...103",0.0405620079015135,0.01091,49.8,91.0503647297022,46.8867654130545
"time...104",0.0421016451145511,0.01071,42.9,91.6638698660628,46.2914600433033
"time...105",0.0394861428881504,0.01096,55,93.1322535380343,48.7279114981534
"time...106",0.0404491851227114,0.01117,49.6,89.8325595668317,46.3783019326636
"time...107",0.039485971741839,0.01096,55,93.1322979803018,48.7281261686039
"time...108",0.0409708677069295,0.01099,47.7,90.9641770523654,46.5937666045476
"time...109",0.0398194349666985,0.01077,53,94.0322140558982,48.9851411274139
"time...110",0.0391084375916929,0.01065,57.4,95.2943968288069,50.1414508471443
"time...111",0.0404736146887134,0.01103,49.7,91.0448669837668,46.9780897995957
"time...112",0.042430592835621,0.01061,42,92.4071642273771,46.4453471313172
"time...113",0.0391507614964755,0.01079,57.3,95.2775296595202,50.0825107721669
"time...114",0.0396593399481492,0.011,53.9,91.3146396833364,47.6643063457971
"time...115",0.0401589430027631,0.01131,51.6,89.6057969196163,46.3975777887903
"time...116",0.0398394724151563,0.01064,53.1,95.2295387926575,49.585880708397
"time...117",0.0388731285712709,0.011,58.2,93.4756091704433,49.3827506247975
"time...118",0.0398752545770738,0.01079,53,94.0251361831859,48.9182601343027
"time...119",0.0411972051319512,0.01067,46.9,93.383220793989,47.6883645107984
"time...120",0.0389993087243859,0.01092,58.3,94.5106324343976,49.7802070406617
"time...121",0.0402864763911052,0.01094,50.8,90.9531133546393,47.0433543835276
"time...122",0.0410576817754767,0.01094,46.7,90.7415514526256,46.4838209190923
"time...123",0.0395089471427708,0.0107,55.2,95.4345059197565,49.9058762206828
"time...124",0.0406938410737661,0.0107,48.9,93.5648902406757,48.1304219162781
"time...125",0.0393262765514213,0.01107,56,92.573640040307,48.5379101100463
"time...126",0.0401832033921326,0.01105,50.7,90.9529009578927,47.1545100398785
"time...127",0.0402383871736464,0.01078,50.9,93.3758544521659,48.3495808845964
"time...128",0.039395729340505,0.01106,54.9,90.9021102974956,47.6617871822749
"time...129",0.0412309094781201,0.01083,46.8,90.782617977942,46.3255245787766
"time...130",0.0398431242837639,0.01064,53.1,95.2290664852339,49.581449949115
"time...131",0.0404561810605876,0.01088,49.8,91.0437828302987,46.9961388600036
"time...132",0.0403947963368757,0.01086,49.8,91.0399636842732,47.0598549635499
"time...133",0.0400202091697515,0.01112,51.7,90.7780576400194,47.1546046337732
"time...134",0.0383804764988012,0.01104,61.5,94.0639497551329,50.0608157038314
"time...135",0.0405958366647223,0.01092,49.8,91.052469089029,46.8519245898599
"time...136",0.0399393976659279,0.01081,53,94.0170038428847,48.8416369989502
"time...137",0.0413870720958372,0.01081,45.8,90.4681137555389,46.1015445107901
"time...138",0.0406999858878017,0.01085,48.8,91.0478326594959,46.8291355500814
"time...139",0.0395781368673035,0.01097,53.9,91.3296004180222,47.7623133400566
"time...140",0.0403658582873978,0.01082,50.9,93.3759795349516,48.2091176258353
"time...141",0.0408447373110417,0.01126,47.5,88.4483889818328,45.4335947310886
"time...142",0.0412633642979014,0.01109,45.6,89.13523617255,45.5471875653587
"time...143",0.0403317457108777,0.01081,50.9,93.3759459756224,48.2466201132337
"time...144",0.040770060841236,0.01087,48.8,91.0563515988109,46.7595365087139
"time...145",0.0395647576087991,0.01072,55.2,95.4198417656759,49.8332654043596
"time...146",0.0384383099791587,0.01119,61.4,92.9904199115636,49.42052842551
"time...147",0.0405782391190917,0.01077,49.9,93.522228771183,48.1419500297527
"time...148",0.0397574003954169,0.01076,54.1,94.7727959269368,49.3568729443431
"time...149",0.0409238319381924,0.01113,47.6,89.7003232998651,45.994878340188
"time...150",0.0403140233104023,0.01095,50.8,90.9531700127794,47.0138010932641
"time...151",0.0394615937957849,0.01095,55,93.1385007524432,48.7591432602343
"time...152",0.0429974779444595,0.01097,38.9,87.8418689331951,43.9490790510006
"time...153",0.0405820677793758,0.01092,49.8,91.0516126689305,46.866096980141
"time...154",0.0394457900288223,0.01081,55.1,94.2897460462159,49.3800917275953
"time...155",0.0421665987162298,0.01089,42.8,88.9253035875513,44.8451726541648
"time...156",0.0403266147513085,0.01081,50.9,93.3759400255639,48.252267173745
"time...157",0.0411989637565901,0.01067,46.9,93.3836498786624,47.686711047944
"time...158",0.0400928490255316,0.011,51.8,90.773796669705,47.0737067316541
"time...159",0.0408890202013061,0.01112,47.6,89.6941398424761,46.0276742197178
"time...160",0.0417325147920381,0.01081,43.8,89.4880528547481,45.4543282980284
"time...161",0.0400650368562438,0.01085,51.9,93.1495100464888,48.3365913989467
"time...162",0.0406443745868226,0.01069,48.9,93.5587432358405,48.1810950323113
"time...163",0.0398715657547017,0.01065,53.1,95.2253906835595,49.5469424487647
"time...164",0.0401620797460361,0.01117,51.7,90.7697345136027,46.9968773003509
"time...165",0.0405653527952144,0.01106,49.7,91.0505730762315,46.8833165991842
"time...166",0.0407403919402776,0.01086,48.8,91.0527441832129,46.7889717951731
"time...167",0.0392303519318721,0.0109,56.1,93.7251099033317,49.2525814647899
"time...168",0.0402338793125814,0.01078,50.9,93.3758497092235,48.3545617021901
"time...169",0.0398872261597931,0.01079,53,94.0236176242159,48.9039422039013
"time...170",0.0411802003150173,0.01082,46.8,90.7705942376654,46.371718743313
"time...171",0.0404923593246293,0.01089,49.8,91.0460328586138,46.9586858076116
"time...172",0.0408317681860404,0.01095,47.7,90.939149450044,46.7266523599147
"time...173",0.0403503424683158,0.01096,50.8,90.9532445299819,46.97489450112
"time...174",0.0399337412558483,0.01067,53.1,95.2173573759187,49.4716798267812
"time...175",0.0407786258023536,0.01058,49,94.8604366063945,48.7036226506601
"time...176",0.0414279104723602,0.01082,45.8,90.4800700276532,46.0659604931383
"time...177",0.0405487111869325,0.01091,49.8,91.0495377320885,46.9004773642734
"time...178",0.041648955724202,0.01051,45,94.1395939064377,47.7987565884087
"time...179",0.0396582275404234,0.01086,54,93.6184988771546,48.8681354581579
"time...180",0.0413431562580277,0.0108,45.8,90.455258499724,46.1398887564293
"time...181",0.0402153031655018,0.01106,50.7,90.9529670329136,47.1198991268848
"time...182",0.0419679455431553,0.01101,42.7,88.8362076176711,44.994185060529
"time...183",0.038249012304852,0.01073,62.9,97.187598037658,51.8147834130009
"time...184",0.0402075779145154,0.01063,51,94.6113575687353,49.0238643395329
"time...185",0.0412687407306013,0.01078,45.8,90.433476796905,46.2050520723767
"time...186",0.0418062418091371,0.01099,43.7,89.5174415023133,45.3958270186669
"time...187",0.0385951015362094,0.01104,60.4,93.9262383767415,49.8019872023123
"time...188",0.0400848226793015,0.01114,51.7,90.7742670892582,47.0826275604842
"time...189",0.0401419105552756,0.01116,51.7,90.7709173298906,47.0192319566406
"time...190",0.0399722898097557,0.01082,53,94.0128334850169,48.8024424839895
"time...191",0.0400240387090931,0.01112,51.7,90.7778331873083,47.1503302460557
"time...192",0.0418680808625039,0.01068,43.9,92.2734647652756,46.7301807566589
"time...193",0.0386513117949943,0.01098,59.3,93.792078836835,49.737424502704
"time...194",0.0406470713139457,0.01069,48.9,93.5590783010329,48.1783275891174
"time...195",0.0430766033672017,0.01099,38.9,87.8927635761154,43.9008976168185
"time...196",0.0394813929033903,0.01109,54.9,90.8810065412381,47.5553016110689
"time...197",0.0391325089825967,0.01091,57.2,94.1644742550815,49.5187596717226
"time...198",0.0383663737507178,0.01128,61.3,92.0139999574485,48.9865018884441
"time...199",0.0415769293092884,0.01065,44.9,92.737489749421,47.1615796247259
"time...200",0.0387119037193012,0.01088,59.4,94.8386248418858,50.2195895342094
"time...201",0.0414733820272024,0.01083,45.8,90.4933840629843,46.026424184349
"time...202",0.04147048224039,0.01083,45.8,90.4925348370157,46.0289469554363
"time...203",0.0405183010031509,0.0109,49.8,91.0476469326867,46.9318730430385
"time...204",0.0404458131829006,0.01073,49.9,93.5138883125996,48.2825796824775
"time...205",0.0420899503366018,0.01104,42.7,88.8909173274827,44.9024881970867
"time...206",0.0393980652603706,0.01106,54.9,90.9015339146432,47.6588763604391
"time...207",0.0403431820064875,0.01096,50.8,90.9532306393474,46.9825600757575
"time...208",0.0401699314039035,0.01117,51.7,90.7692745118032,46.9881795351754
"time...209",0.041638168722931,0.01051,45,94.1356786487611,47.8081156125538
"time...210",0.0400824875514112,0.01114,51.7,90.7744042213237,47.0852236710682
"time...211",0.0405324851619769,0.01105,49.7,91.0485289912136,46.9172245630924
"time...212",0.0401556260081449,0.01088,51.9,93.1439345170227,48.2332785519773
"time...213",0.0400839702915359,0.01114,51.7,90.7743168553257,47.0835798920384
"time...214",0.0388766436258975,0.011,58.2,93.4740050726782,49.3777674538138
"time...215",0.0377488759790275,0.01111,66,94.6592088897857,50.8807187475653
"time...216",0.0410049561649772,0.011,47.7,90.9703115925749,46.5613413245117
"time...217",0.0394868174078337,0.01096,55,93.1320825097856,48.7270482248379
"time...218",0.0414030270736356,0.01097,45.7,90.4727851349201,46.0876322981204
"time...219",0.0421571488479718,0.01089,42.8,88.9210646793555,44.8522321136174
"time...220",0.0420167919649333,0.01069,42.9,91.6245529571389,46.3570825506215
"time...221",0.0434520414551585,0.01094,38,88.1667479435921,43.8081990468481
"time...222",0.0415779913256773,0.01065,44.9,92.7378690147662,47.1606637424742
"time...223",0.0406795321615937,0.0107,48.9,93.5631126209361,48.1450696877644
"time...224",0.0413097629987332,0.01079,45.8,90.4454827512396,46.1690982783872
"time...225",0.0412055186887886,0.01098,46.7,90.7765980269536,46.3486467870338
"time...226",0.0395938877985031,0.01084,54,93.6307670788712,48.9477778567752
"time...227",0.0399366184692145,0.01081,53,94.0173552309012,48.8449563399017
"time...228",0.0411304565447376,0.01096,46.7,90.7588020667406,46.4171534698933
"time...229",0.0414749580974739,0.01083,45.8,90.4938452363499,46.0250524271327
"time...230",0.0412709746564943,0.01078,45.8,90.434130374406,46.2030917777865
"time...231",0.0404854387403539,0.01089,49.8,91.0456026008447,46.9658515841881
"time...232",0.0395913857325914,0.01111,53.8,91.3271587879049,47.7462909659442
"time...233",0.0402136477339208,0.01106,50.7,90.9529640776082,47.1216861520496
"time...234",0.04137329409113,0.01096,45.7,90.464080290821,46.1135669197394
"time...235",0.0404275726270931,0.01087,49.8,91.0420026030418,47.0258123994123
"time...236",0.0413182793054762,0.01079,45.8,90.4479767540077,46.1616486837447
"time...237",0.0405107309157466,0.01075,49.9,93.5179769724235,48.21352603122
"time...238",0.0387574841437013,0.01065,59.6,97.0079443760193,51.3124197316411
"time...239",0.0397841878227886,0.01076,53,94.0366842137345,49.0274707704771
"time...240",0.0420775765011012,0.01087,42.8,88.8853683268909,44.9117707035619
"time...241",0.0406674875209757,0.01084,48.8,91.0438817674017,46.8614908338538
"time...242",0.0397278952066642,0.01075,54.1,94.7785175451342,49.3936491755825
"time...243",0.0409839479852828,0.01084,47.8,90.9665318752057,46.5813242894908
"time...244",0.0397147078918664,0.01088,54,93.6077318482565,48.7984314379797
"time...245",0.0401318001564259,0.01116,51.7,90.7715106071586,47.030452724865
"time...246",0.0405711763217743,0.01106,49.7,91.0509354779329,46.8773162150165
"time...247",0.0393695113129647,0.01095,56.1,93.6801730515349,49.0682853108244
"time...248",0.0394366723077065,0.01094,55,93.1448418310317,48.7909039098418
"time...249",0.0394889216827983,0.01096,55,93.1315470145232,48.7243721013426
"time...250",0.0421260295564222,0.01088,42.8,88.9071014897101,44.8754800013081
"time...251",0.0417441051147197,0.01081,43.8,89.4926722299578,45.4451160729896
"time...252",0.0405391840689798,0.01105,49.7,91.0489454388684,46.9103043437327
"time...253",0.0411917288575674,0.01082,46.8,90.773328333477,46.3612091474075
"time...254",0.0399998007120617,0.01097,51.8,90.7792551483564,47.1773869495919
"time...255",0.0408342741530789,0.01095,47.7,90.9395999514171,46.7242538209415
"time...256",0.0398851087919246,0.01079,53,94.0238870516707,48.9064732603262
"time...257",0.0391460604896498,0.01079,57.3,95.2794044655172,50.0890452245617
"time...258",0.0405322580109652,0.0109,49.8,91.0485152601785,46.9174561728149
"time...259",0.0400248231007631,0.01098,51.8,90.7777871830486,47.1494549411125
"time...260",0.0389427037785325,0.0109,58.3,94.5368569674284,49.8609103584888
"time...261",0.0408433719841345,0.0108,47.8,90.9412372083539,46.7155420988227
"time...262",0.0413203548614026,0.01079,45.8,90.4485842842614,46.159828182482
"time...263",0.0402622566161557,0.01093,50.8,90.9530639015574,47.0693658768362
"time...264",0.0394612911193607,0.01095,55,93.1385774785388,48.7595341191739
"time...265",0.0409425288772677,0.01098,47.7,90.9590782922257,46.6207689863887
"time...266",0.0403830363388529,0.01097,50.8,90.9533115797428,46.9399329637456
"time...267",0.0411106770007297,0.0108,46.8,90.7541128098684,46.43524036043
"time...268",0.0421743321964355,0.01106,42.7,88.9287757709025,44.8394104279258
"time...269",0.040272454067046,0.01065,51,94.611384834298,48.951190721974
"time...270",0.0399261448597697,0.01108,52.8,91.6645263342241,47.6340956645141
"time...271",0.0418973543647245,0.01085,43.8,89.5537728619008,45.3238368281924
"time...272",0.0409122739625711,0.01082,47.8,90.9536345759882,46.6496348912606
"time...273",0.0415512672627818,0.0108,44.8,90.0367257932501,45.8140151807727
"time...274",0.0397814347231374,0.01062,53.1,95.2370385479984,49.6564658674343
"time...275",0.0400945693892323,0.01086,51.9,93.1476919139539,48.30285867805
"time...276",0.0396387240119417,0.01099,53.9,91.3184381942381,47.6891484752687
"time...277",0.0401352656725495,0.01116,51.7,90.7713075220728,47.0266006454643
"time...278",0.0395558823636141,0.01085,55.1,94.261281385834,49.2383927469112
"time...279",0.0417937987728233,0.01099,43.7,89.512481542631,45.4056865842825
"time...280",0.0389754687377417,0.01091,58.3,94.521676865517,49.8141654736562
"time...281",0.0407792244501629,0.01058,49,94.8605126705756,48.7030068547266
"time...282",0.0410241132144032,0.01116,47.6,89.7181397975249,45.9007558714369
"time...283",0.0400891400669802,0.011,51.8,90.7740132064905,47.0778248100864
"time...284",0.0406305966305069,0.01083,48.8,91.0393968476823,46.8982862492447
"time...285",0.0390652592965001,0.01076,57.3,95.3116067592049,50.2017161901177
"time...286",0.0415440664223205,0.01064,44.9,92.7257447442717,47.1897804717224
"time...287",0.0429940350483483,0.01097,38.9,87.8396550692264,43.9511785700565
"time...288",0.0407968215148671,0.01073,48.9,93.5776880129247,48.0253367087629
"time...289",0.0399692132186591,0.01082,53,94.0132226598298,48.806109029356
"time...290",0.0402060630993893,0.01077,50.9,93.3758226347477,48.3853453843996
"time...291",0.0420223073254669,0.01086,42.8,88.8605816792173,44.9532643654782
"time...292",0.0399566467760579,0.01068,53.1,95.2143991887625,49.4440050506731
"time...293",0.0396531886499796,0.01086,54,93.6194598650894,48.8743637512141
"time...294",0.0393697355115834,0.01082,56.2,94.8139360293872,49.6618719330209
"time...295",0.039885264303257,0.01079,53,94.0238677354531,48.9062863399324
"time...296",0.0403866549796382,0.01086,49.8,91.039457126927,47.068324858708
"time...297",0.0400474506515531,0.01113,51.7,90.7764601430054,47.1242282344007
"time...298",0.0407810160648043,0.01058,49,94.8607372127286,48.7011550263932
"time...299",0.040179202029388,0.01105,50.7,90.9528930968562,47.1588279982053
"time...300",0.0415418596036645,0.01064,44.9,92.7249562894134,47.1916797231479
"time...301",0.0398122518990527,0.01063,53.1,95.2330561401003,49.6189609108013
"time...302",0.0408222180961865,0.0111,47.6,89.6822736810321,46.0907515212525
"time...303",0.0415325383845554,0.01064,44.9,92.7216254598923,47.199688854929
"time...304",0.0404814397379351,0.01074,49.9,93.5161313869655,48.24465282605
"time...305",0.0400594045021976,0.01099,51.8,90.775758305806,47.1109145793701
"time...306",0.0417035820710575,0.01068,44.9,92.7827661804481,47.0532979053818
"time...307",0.0399671076233856,0.01082,53,94.0134908255747,48.8086117828107
"time...308",0.0398508101250157,0.01078,53,94.0282351109646,48.9475301744309
"time...309",0.0398303338330166,0.01091,52.9,91.6762223219423,47.7457668286265
"time...310",0.0409327713514674,0.01098,47.7,90.9573223209584,46.6300705846022
"time...311",0.039490757124139,0.01096,55,93.1310809895732,48.7220374399448
"time...312",0.0415121664885407,0.01079,44.8,90.0231717792101,45.8466549615108
"time...313",0.0405253078826899,0.0109,49.8,91.0480817011864,46.9246303368869
"time...314",0.039959423742781,0.01068,53.1,95.2140398600002,49.4406518013762
"time...315",0.0401178267887405,0.01101,51.8,90.7723302194237,47.0459587156407
"time...316",0.0392291576035316,0.0109,56.1,93.7254944874819,49.254170739295
"time...317",0.0395897011743002,0.01111,53.8,91.3274697637509,47.7483262424469
"time...318",0.0415486850648576,0.01064,44.9,92.7273951577778,47.1858145206284
"time...319",0.0399511042863307,0.01095,52.9,91.6614794916806,47.6050907015985
"time...320",0.041047649017082,0.01078,46.8,90.739173276057,46.4930273962898
"time...321",0.041711152796934,0.01084,44.8,90.0921649044534,45.6812090294906
"time...322",0.041474112233066,0.01083,45.8,90.4935981872698,46.0257893669804
"time...323",0.0394798073718556,0.01069,55.2,95.4421623324743,49.9438756633649
"time...324",0.0403154595814256,0.01095,50.8,90.9531727682691,47.0122640380326
"time...325",0.0397773517474326,0.01103,52.8,91.6826905022997,47.8077557506388
"time...326",0.040182799830818,0.01105,50.7,90.9529003592305,47.1549481723449
"time...327",0.0412019590458671,0.01067,46.9,93.3843789122103,47.6838974475678
"time...328",0.041264868123737,0.01109,45.6,89.1356695518843,45.5458877308005
"time...329",0.0403215601964176,0.01095,50.8,90.9531855864626,47.005722723944
"time...330",0.04126950671606,0.01078,45.8,90.4337015602915,46.2043851907925
"time...331",0.0416736038576885,0.01083,44.8,90.0791425397921,45.7123041728787
"time...332",0.0406971466333573,0.01085,48.8,91.0474876639586,46.8319624047971
"time...333",0.0400639197324348,0.01085,51.9,93.1495790811601,48.3378634275372
"time...334",0.0415760872025013,0.01065,44.9,92.7371890183688,47.1623005526043
"time...335",0.0397446851409674,0.01089,54,93.6020174313102,48.7615166231349
"time...336",0.0427285715113457,0.01087,39.9,88.9853470307297,44.6607782131599
"time...337",0.0409346244108859,0.01098,47.7,90.9576554152024,46.6283088928444
"time...338",0.0400027822821577,0.01083,51.9,93.1533427923659,48.4078587911122
"time...339",0.0411142059463316,0.0108,46.8,90.7549498051756,46.4320230946256
"time...340",0.0414337829403238,0.01082,45.8,90.4817895599926,46.0608485607743
"time...341",0.0400940269810651,0.01086,51.9,93.1477256632378,48.3034772973543
"time...342",0.0399329585186275,0.01067,53.1,95.2174589608524,49.4726231301234
"time...343",0.0419199697302217,0.01102,43.7,89.5627915214471,45.3060119126963
"time...344",0.0410933156213608,0.01095,46.7,90.7499977482269,46.4511458320149
"time...345",0.0405085708620185,0.01104,49.7,91.0470410549262,46.9419268596249
"time...346",0.0408536508531067,0.01111,47.6,89.6878573618539,46.0610489270023
"time...347",0.0400389434892311,0.01127,51.6,89.6126688335672,46.5291804965562
"time...348",0.0412552696984227,0.01093,45.7,90.4295349375061,46.216875375868
"time...349",0.0390686776698062,0.01076,57.3,95.3102436954067,50.1969432719153
"time...350",0.0414977017084321,0.01063,44.9,92.7091763728681,47.2296551036992
"time...351",0.0418781098630937,0.01101,43.7,89.5460975053931,45.3390098464652
"time...352",0.0410506910956377,0.01063,46.9,93.3475129847784,47.8262389034788
"time...353",0.0406589743766561,0.01069,48.9,93.5605577702055,48.1661243644148
"time...354",0.0405360101045092,0.01105,49.7,91.0487484574112,46.9135856210888
"time...355",0.0419210185928885,0.01102,43.7,89.5632106275506,45.3051881455486
"time...356",0.0419669037797307,0.01101,42.7,88.8357409604934,44.9949732412653
"time...357",0.0406661057498072,0.01084,48.8,91.0437140985725,46.8628685722904
"time...358",0.0415826274374688,0.01065,44.9,92.7395266612593,47.1566907797241
"time...359",0.0396241491575062,0.01085,54,93.6249965546167,48.9102892976885
"time...360",0.040629595614124,0.01083,48.8,91.039275168699,46.8992850610948
"time...361",0.0391070325190123,0.01103,57.1,93.0671712263259,48.9711692326199
"time...362",0.0390776302256922,0.01089,57.2,94.186022038359,49.5943471738238
"time...363",0.0405444823509,0.01076,49.9,93.5201021725915,48.1777030257555
"time...364",0.040339518037941,0.0111,50.7,90.9532226794927,46.9864809893116
"time...365",0.0417366489390763,0.01081,43.8,89.4897009646708,45.451041389806
"time...366",0.0409461069042819,0.01083,47.8,90.9597223225829,46.6173589367031
"time...367",0.0416133262007284,0.01066,44.9,92.7504989758803,47.1303893791165
"time...368",0.0402903566056377,0.01094,50.8,90.9531216498977,47.0391886223475
"time...369",0.0414657458027344,0.01083,45.8,90.4911480908972,46.0330561712067
"time...370",0.0413525048615035,0.0108,45.8,90.4579947336357,46.1317156233102
"time...371",0.0404266153134141,0.01087,49.8,91.0419436085908,47.0268075632504
"time...372",0.0385299631963843,0.01101,60.4,93.9652434539003,49.9006161016116
"time...373",0.0401389371523762,0.01116,51.7,90.7710917617127,47.0225307375353
"time...374",0.0409664727719692,0.01114,47.6,89.7078990325835,45.9548028634081
"time...375",0.0410542860328875,0.01094,46.7,90.740746909966,46.4869350567442
"time...376",0.0404889859894845,0.01089,49.8,91.0458229781563,46.9621773835178
"time...377",0.0390993067957998,0.01077,57.3,95.2980351514382,50.1541839067483
"time...378",0.0410926602825202,0.01095,46.7,90.7498422406834,46.4517416068572
"time...379",0.039766568884298,0.0109,54,93.5978453150287,48.7346087830319
"time...380",0.0407622695250206,0.01072,48.9,93.573394800188,48.0605409663111
"time...381",0.0393815474678108,0.01092,55,93.1588703140477,48.8612829726283
"time...382",0.0409006810881798,0.01097,47.7,90.9515478838714,46.6607079668744
"time...383",0.0408430624188792,0.0108,47.8,90.9411816856661,46.7158317381371
"time...384",0.0392950416755111,0.01119,55.9,90.3823243403974,47.4237423002555
"time...385",0.0387351615005636,0.01089,59.4,94.8261825210848,50.1851104446612
"time...386",0.0416861746820036,0.01052,45,94.153105124138,47.7665172284726
"time...387",0.0407730344083006,0.01087,48.8,91.0567128229573,46.7565881967607
"time...388",0.0422559127931948,0.01057,42,92.3160618261579,46.574826535073
"time...389",0.0401443748595365,0.01116,51.7,90.7707727427793,47.0165010410057
"time...390",0.0393037927313441,0.01106,56,92.5807880954727,48.5672966871737
"time...391",0.0394463906484275,0.01081,55.1,94.2895911214941,49.3793176764083
"time...392",0.0405712557437408,0.01106,49.7,91.0509399378459,46.8772337511757
"time...393",0.0408733448559034,0.01096,47.7,90.9466298274624,46.6868448414894
"time...394",0.0400298171693202,0.01098,51.8,90.7774945683293,47.1438864132764
"time...395",0.0397896462353616,0.01076,53,94.035992094925,49.0209083644629
"time...396",0.0412377694816836,0.01068,46.9,93.3931074586918,47.6503537222893
"time...397",0.040706437493479,0.01085,48.8,91.0486166077193,46.8227127984395
"time...398",0.0397926552944277,0.01076,53,94.0356096788799,49.0172959463019
"time...399",0.0405488172337393,0.01091,49.8,91.0495440261791,46.9003623107294
"time...400",0.0402789330201711,0.01108,50.7,90.9530979258815,47.0514539057329
"time...401",0.0414158838188003,0.01066,45.9,93.1280710044577,47.4267550692135
"time...402",0.0406863860140966,0.0107,48.9,93.5639640645185,48.1380517202846
"time...403",0.0406043912917269,0.01097,48.7,91.0362110844393,46.9244707088028
"time...404",0.0404153544593001,0.01116,49.6,89.8304689335785,46.4129254386292
"time...405",0.0413296959989148,0.01095,45.7,90.4513178520429,46.1516570862815
"time...406",0.0407459303802683,0.01057,49,94.8563288466676,48.7374217230132
"time...407",0.0403435539294165,0.01096,50.8,90.9532309740294,46.9821620545052
"time...408",0.0391676722095609,0.01067,57.4,95.2707923891006,50.0589916174462
"time...409",0.0397243135738346,0.01102,53.9,91.3026722137989,47.5861713665364
"time...410",0.0400029319597498,0.01083,51.9,93.1533333867044,48.407688466901
"time...411",0.0411477813003825,0.01081,46.8,90.762909868631,46.4013192334536
"time...412",0.040828660316921,0.0111,47.6,89.6834180858806,46.0846610690239
"time...413",0.0398493969272406,0.01078,53,94.0284156666965,48.9492196488672
"time...414",0.0393235234925561,0.0112,55.9,90.3735439813194,47.387429848723
"time...415",0.0393645084787684,0.01095,56.1,93.6817884278736,49.0748864123694
"time...416",0.0408709090719448,0.01096,47.7,90.9461916702852,46.6891715144865
"time...417",0.0404366272896109,0.01102,49.7,91.0425664599587,47.0164187654811
"time...418",0.0403597384461968,0.01082,50.9,93.3759727236231,48.2158441259335
"time...419",0.0409200025226749,0.01113,47.6,89.6996431558227,45.9984847380016
"time...420",0.0407082102208987,0.011,48.7,91.0488328335866,46.8209567831287
"time...421",0.0395499211774607,0.01098,55,93.1160291244227,48.6469192350685
"time...422",0.0399059032308331,0.0108,53,94.0212506581595,48.8816153134124
"time...423",0.0412041466329377,0.01098,46.7,90.7762727134295,46.3498895988182
"time...424",0.0402628455509491,0.01093,50.8,90.9530655895207,47.0687397244594
"time...425",0.0409206525498781,0.01113,47.6,89.6997588619452,45.9978790635682
"time...426",0.0416456912225744,0.01051,45,94.1384082797763,47.8015835647177
"time...427",0.0416363123898865,0.01082,44.8,90.0662109251469,45.7432392369853
"time...428",0.041106561080649,0.01095,46.7,90.753138475344,46.4390178585857
"time...429",0.0403019587979794,0.0108,50.9,93.3759164636597,48.2794196149046
"time...430",0.0412313793994146,0.01068,46.9,93.3915503549239,47.6563433883895
"time...431",0.0411870147841924,0.01082,46.8,90.7722100632861,46.3655043095448
"time...432",0.0391390350112558,0.01066,57.4,95.2822020822657,50.0988300904094
"time...433",0.0407406997271263,0.01101,48.7,91.0527817440943,46.7886667204046
"time...434",0.0407496855971314,0.01072,48.9,93.5718307221614,48.0733688265166
"time...435",0.0407935200435291,0.01073,48.9,93.5772778468929,48.0287031616498
"time...436",0.0404143347126576,0.01072,49.9,93.5119044920992,48.3161407140454
"time...437",0.0406271017602812,0.01083,48.8,91.0389723903912,46.9017796105347
"time...438",0.0404771374131908,0.01103,49.7,91.0450861918752,46.9744415402996
"time...439",0.0401975239902997,0.01091,50.8,90.9529311855529,47.1390661638022
"time...440",0.0392874201618958,0.01092,56.1,93.706679262327,49.1768427755688
"time...441",0.0406883976790205,0.0107,48.9,93.5642143023404,48.1359955217115
"time...442",0.0414646078571148,0.01083,45.8,90.4908150844489,46.0340433011762
"time...443",0.0409145673539724,0.01113,47.6,89.6986776045804,46.0036024453156
"time...444",0.0409285302863773,0.01113,47.6,89.7011587269539,45.9904647533973
"time...445",0.0390759637999704,0.01089,57.2,94.1866758211942,49.5966493128325
"time...446",0.0426020414121248,0.01082,40.9,90.0658970452019,45.2119978136625
"time...447",0.0408128892707303,0.0111,47.6,89.6806170094895,46.0995743455456
"time...448",0.0407209551999178,0.01071,48.9,93.5682598655406,48.1027063302077
"time...449",0.041048562516005,0.01109,46.6,89.4630320387929,45.8382222535991
"time...450",0.0389128441698024,0.01076,58.4,95.6567076600852,50.4873293358597
"time...451",0.0394270893402907,0.01094,55,93.1472809375083,48.8031253985475
"time...452",0.0405438468961766,0.01076,49.9,93.5200631602651,48.1783842467434
"time...453",0.0400930727496248,0.011,51.8,90.7737835393561,47.0734535599325
"time...454",0.0402539341401046,0.01093,50.8,90.953046646841,47.0783206442912
"time...455",0.0395264759398723,0.01084,55.1,94.2688842139959,49.276160746006
"time...456",0.0412579251878711,0.01093,45.7,90.4303115032815,46.214540827395
"time...457",0.0396144478144748,0.01112,53.8,91.3229099834041,47.7184351448673
"time...458",0.0400311112768188,0.01098,51.8,90.7774182877878,47.1424364230083
"time...459",0.0409053187852837,0.01097,47.7,90.9523829338001,46.6562768345128
"time...460",0.0413542830192157,0.0108,45.8,90.458515646633,46.1301669763618
"time...461",0.042985937080644,0.01097,38.9,87.834446994131,43.9561187032255
"time...462",0.0412247501715362,0.01083,46.8,90.7811576819808,46.3311363064911
"time...463",0.0392689431305719,0.01118,55.9,90.390369341965,47.4570732679603
"time...464",0.0400462084937145,0.01113,51.7,90.7765332422486,47.1256128750497
"time...465",0.0406619908352393,0.01084,48.8,91.0432134031202,46.8669703169038
"time...466",0.0405883478035218,0.01092,49.8,91.0520033335662,46.8596288612471
"time...467",0.0407723033918911,0.01087,48.8,91.0566241634631,46.7573117410349
"time...468",0.0406251659078016,0.01068,48.9,93.5563562931657,48.200796921036
"time...469",0.0396382497798258,0.01099,53.9,91.3185256248821,47.6897179681257
"time...470",0.0403498621852762,0.01096,50.8,90.9532431995443,46.9754124346096
"time...471",0.0407124689105257,0.01056,49,94.8521248930306,48.7720714527848
"time...472",0.0414560640652296,0.01067,45.9,93.1401845327608,47.3907725354231
"time...473",0.0396049467942476,0.01098,53.9,91.3246604670779,47.7299073341204
"time...474",0.0402656705220148,0.01079,50.9,93.3758809663903,48.3194382258865
"time...475",0.0401597631847575,0.01131,51.6,89.6057497691846,46.396674664099
"time...476",0.0382455338575239,0.01073,62.9,97.1902828741709,51.8205830939185
"time...477",0.0412022131050124,0.01098,46.7,90.7758141944359,46.3516555502513
"time...478",0.0407175884423181,0.01071,48.9,93.567841447883,48.1061409211417
"time...479",0.0423440106435976,0.01059,42,92.3619977038231,46.5093823757794
"time...480",0.0406643886751639,0.01084,48.8,91.0435051488904,46.8645857741315
"time...481",0.0397803743277385,0.01062,53.1,95.2371758787916,49.6577574102379
"time...482",0.0404610834036926,0.01088,49.8,91.0440877745377,46.9910626491743
"time...483",0.039170025406178,0.01067,57.4,95.2698546212207,50.0557196760301
"time...484",0.0417398527753881,0.01081,43.8,89.4909771148788,45.4484927436262
"time...485",0.0397413680902384,0.01089,54,93.6026490022414,48.7656017374444
"time...486",0.0406360242860601,0.01083,48.8,91.0400567570386,46.8928689800918
"time...487",0.0405687510562091,0.01106,49.7,91.0507844972885,46.8798173983709
"time...488",0.0395384428963398,0.01098,55,93.1189483766527,48.6614776696685
"time...489",0.0409741270065235,0.01099,47.7,90.9647637872748,46.5906608201763
"time...490",0.0394450113978675,0.01081,55.1,94.2899489085796,49.3810897498796
"time...491",0.0402741840438868,0.01108,50.7,90.9530882337236,47.0565540345452
"time...492",0.0395321843325283,0.01084,55.1,94.2674085147767,49.2688248435706
"time...493",0.0415563394121047,0.0108,44.8,90.0384842853352,45.8097864700365
"time...494",0.0414116350400392,0.01113,45.6,89.178007630301,45.4194001076031
"time...495",0.0408569768435026,0.01111,47.6,89.6884475687174,46.0579021173399
"time...496",0.0405749759714514,0.01106,49.7,91.0511718155281,46.8734068512944
"time...497",0.0403422397977081,0.0111,50.7,90.9532283250202,46.9835676690762
"time...498",0.0398232601190533,0.01077,53,94.0317292366435,48.9805514444562
"time...499",0.0393411850045726,0.01094,56.1,93.6893175661142,49.1056918648462
"time...500",0.038760779845608,0.0109,59.4,94.8124797401365,50.1471761682102
"time...501",0.0407095204671998,0.011,48.7,91.0489911422047,46.8196494521257
"time...502",0.0411971335776832,0.01067,46.9,93.3832022619377,47.6884240688637
"time...503",0.0400214183932594,0.01112,51.7,90.7779861522347,47.1532573247153
"time...504",0.0403674287507999,0.01082,50.9,93.3759811485936,48.2073893552503
"time...505",0.0410928385597206,0.01095,46.7,90.7498845433824,46.4515798385149
"time...506",0.0402545106196908,0.01093,50.8,90.9530475890604,47.0777000111892
"time...507",0.0392997582561276,0.01106,56,92.5820709062269,48.572571216358
"time...508",0.0395186086057855,0.01097,55,93.1239946400187,48.6866478861999
"time...509",0.0408655498328606,0.01096,47.7,90.9452274181533,46.6943009400113
"time...510",0.0409188644620123,0.01113,47.6,89.6994413765905,45.9995585855523
"time...511",0.0412549105517051,0.01084,46.8,90.7883086808236,46.3037002529742
"time...512",0.0410143558430962,0.011,47.7,90.9720034187534,46.5524103431538
"time...513",0.0402729375898203,0.01065,51,94.6113846616908,48.950649856689
"time...514",0.0401095819099857,0.01115,51.7,90.7728145460114,47.0551104934077
"time...515",0.0384841135716163,0.01087,60.5,95.056160021975,50.5356148440604
"time...516",0.0399870661180682,0.01111,51.7,90.7800025133748,47.1916114857666
"time...517",0.0403444289857117,0.01096,50.8,90.9532321163236,46.9812301125952
"time...518",0.0408224825418359,0.0111,47.6,89.682320485157,46.0905046368814
"time...519",0.0411586187819116,0.01066,46.9,93.3738151269683,47.7245715320578
"time...520",0.0398616175285261,0.01092,52.9,91.6724031367323,47.7092459538887
"time...521",0.0398718814544645,0.01065,53.1,95.2253506712953,49.5465580263037
"time...522",0.0403730610397844,0.01111,50.7,90.9532914041328,46.9505994206775
"time...523",0.0406608698358984,0.01069,48.9,93.560793543559,48.1641873109853
"time...524",0.0404437608454177,0.01102,49.7,91.0430101527246,47.0090207072202
"time...525",0.0403924054683775,0.01086,49.8,91.039814887861,47.0623447150867
"time...526",0.0413550363997689,0.0108,45.8,90.4587359797999,46.1295063912581
"time...527",0.0408477369223186,0.01111,47.6,89.6868061429938,46.0666301316932
"time...528",0.0412680485379282,0.01078,45.8,90.4332749836919,46.2056612525064
"time...529",0.0391448952311746,0.01066,57.4,95.2798669905262,50.0906725164061
"time...530",0.0417849336416978,0.01082,43.8,89.5089467406776,45.4127086133896
"time...531",0.0399550206161805,0.01109,52.8,91.6610012483794,47.6005361245995
"time...532",0.0393057381509932,0.01106,56,92.5801698473073,48.5647507716229
"time...533",0.0409647208337145,0.01114,47.6,89.7075876590591,45.9564454690953
"time...534",0.0423383180683917,0.01059,42,92.3590298262438,46.5136039136548
"time...535",0.0409961070743956,0.01115,47.6,89.7131632418426,45.9269938239505
"time...536",0.039786634831478,0.01076,53,94.0363732671687,49.0245271826164
"time...537",0.0397417624630583,0.01089,54,93.6025737576647,48.7651155613599
"time...538",0.040951531114795,0.01114,47.6,89.7052442750705,45.9688320707968
"time...539",0.0403494425585539,0.01096,50.8,90.9532424006271,46.9758598309725
"time...540",0.0407436310865491,0.01101,48.7,91.0531382584824,46.7857593417658
"time...541",0.0411355209579959,0.01096,46.7,90.7600028178075,46.412520929853
"time...542",0.040070597079981,0.01128,51.6,89.6108559952568,46.4943868699211
"time...543",0.0387767482653905,0.01078,59.5,95.8943716197534,50.7000876160184
"time...544",0.0407426868018164,0.01101,48.7,91.0530232289268,46.7866939397023
"time...545",0.0403628671355814,0.01082,50.9,93.3759758254731,48.2124074978274
"time...546",0.0412708978234445,0.01078,45.8,90.4341084705845,46.2031629373503
"time...547",0.0411234783071445,0.01065,46.9,93.3652512058599,47.7576172541859
"time...548",0.0413834152548874,0.01081,45.8,90.467043140326,46.1047304046369
"time...549",0.0398329921217645,0.01091,52.9,91.6758970633377,47.7426616861245
"time...550",0.0396481916418528,0.01113,53.8,91.3166938483835,47.6777398009493
"time...551",0.0405796621740266,0.01077,49.9,93.5223190655645,48.140443195595
"time...552",0.0402368610713942,0.01078,50.9,93.37585276034,48.3512676106869
"time...553",0.0409345403671624,0.01098,47.7,90.9576407944197,46.6283829352934
"time...554",0.0387082847889736,0.01088,59.4,94.8405618998462,50.2249519492277
"time...555",0.0400169600716845,0.01112,51.7,90.7782481781006,47.1582306669747
"time...556",0.0407026563088143,0.01085,48.8,91.0481569682226,46.8264778189475
"time...557",0.0404427352976662,0.01102,49.7,91.0429466812248,47.0100896242463
"time...558",0.0413075271285387,0.01079,45.8,90.4448287200613,46.1710557466035
"time...559",0.0393647892699461,0.01095,56.1,93.6816972006717,49.0745190357456
"time...560",0.0389589466422318,0.01078,58.4,95.6350337804014,50.4206777992056
"time...561",0.0396041670627317,0.01098,53.9,91.3248050884107,47.7308433488388
"time...562",0.0390685695715721,0.01076,57.3,95.3102869110876,50.1970935817625
"time...563",0.0399065433286982,0.0108,53,94.0211687616928,48.880853277533
"time...564",0.0413708049572984,0.01096,45.7,90.4633517618563,46.1157387794615
"time...565",0.039029508683537,0.01062,57.4,95.3258587510114,50.2517162983745
"time...566",0.0405642748619602,0.01091,49.8,91.0505059257411,46.8844264097974
"time...567",0.0406780789351406,0.0107,48.9,93.5629321535882,48.1465584002851
"time...568",0.0417544737185814,0.01098,43.7,89.4968046897807,45.4368810650895
"time...569",0.0415219188942521,0.01048,45,94.0934904710277,47.9092600603628
"time...570",0.041004694245301,0.011,47.7,90.9702641467991,46.5615902389787
"time...571",0.0405177486320365,0.0109,49.8,91.0476116116006,46.9324416020241
"time...572",0.0379407005721374,0.01106,63.7,94.1248463083327,50.490197564187
"time...573",0.0415555596892469,0.0108,44.8,90.0382134886219,45.8104308525429
"time...574",0.0424277213856725,0.01061,42,92.4056658074754,46.4474659798651
"time...575",0.0416513932449312,0.01051,45,94.1404785662573,47.7966432803447
"time...576",0.0407048652478472,0.01085,48.8,91.048425587845,46.8242785200544
"time...577",0.0393663496579372,0.01095,56.1,93.6811935461328,49.0724613164387
"time...578",0.0395875502261656,0.01111,53.8,91.3278654257085,47.7509314017331
"time...579",0.0404123467074137,0.01101,49.7,91.0410561622069,47.0416203521399
"time...580",0.0402370757869754,0.01078,50.9,93.3758533343759,48.3510286188965
"time...581",0.0398362547323457,0.01105,52.8,91.6754986763755,47.7388565200674
"time...582",0.0413944904076471,0.01081,45.8,90.4702856372671,46.0950723344287
"time...583",0.0416610312912934,0.01067,44.9,92.7675531671508,47.0896020644805
"time...584",0.0415458591926681,0.01064,44.9,92.7263848760364,47.1882387438784
"time...585",0.0415308200835866,0.01048,45,94.0967194073373,47.9014879847132
"time...586",0.0424207148328913,0.01061,42,92.4020116338516,46.452642380713
"time...587",0.0391393693777507,0.01066,57.4,95.2820695875843,50.0983605526524
"time...588",0.0399328946908183,0.01067,53.1,95.2174677167236,49.4727027633213
"time...589",0.0405811753078747,0.01077,49.9,93.5224141152009,48.1388367221131
"time...590",0.0406333576214168,0.01083,48.8,91.0397325799577,46.895534520145
"time...591",0.0407241681995146,0.01071,48.9,93.5686596070438,48.0994255838953
"time...592",0.0398662098538795,0.01106,52.8,91.6718419223414,47.7038941858118
"time...593",0.0393940055652864,0.01066,55.2,95.4647131033758,50.0560687445218
"time...594",0.0413381504641298,0.01111,45.6,89.156807394923,45.4826163389493
"time...595",0.0417861753916695,0.01082,43.8,89.5094431917696,45.4117341494106
"time...596",0.0403789262237096,0.01097,50.8,90.9533038478427,46.9443261797834
"time...597",0.0392589844380855,0.01091,56.1,93.715862667644,49.2145499924814
"time...598",0.0396335704357911,0.01099,53.9,91.3193876511295,47.6953590039596
"time...599",0.0403664317090982,0.01082,50.9,93.3759797898216,48.2084855184094
"time...600",0.0406068147463631,0.01097,48.7,91.0365058238819,46.9220442501204
"time...601",0.0401812942031448,0.01105,50.7,90.95289669117,47.1565753083335
"time...602",0.0405855183503995,0.01092,49.8,91.051827570572,46.8625444566873
"time...603",0.041459850680045,0.01083,45.8,90.4894219186324,46.0381783844688
"time...604",0.0420812394915306,0.01087,42.8,88.8870094687885,44.9090142695834
"time...605",0.0409441741003938,0.01098,47.7,90.9593740810411,46.6191982373695
"time...606",0.040867215648366,0.01096,47.7,90.9455274419129,46.6927117019135
"time...607",0.0386741087681358,0.01074,59.5,95.9500627183295,50.8540468845129
"time...608",0.0409698444700758,0.01099,47.7,90.9639935922701,46.5947393302948
"time...609",0.0408944172580795,0.01112,47.6,89.695098441413,46.0225881877561
"time...610",0.040651885593301,0.01069,48.9,93.5596771373283,48.1733949298889
"time...611",0.0400044327030563,0.01126,51.6,89.6146447431786,46.5671756065718
"time...612",0.0413782658498926,0.01065,45.9,93.1167322523418,47.4605140379204
"time...613",0.0397851499066835,0.01076,53,94.0365617995245,49.0263124868605
"time...614",0.039540247542327,0.01098,55,93.1184893833775,48.6591861573129
"time...615",0.0405389616570386,0.01105,49.7,91.0489312236605,46.9105344705055
"time...616",0.0406583745570647,0.01069,48.9,93.5604838429321,48.1667442174963
"time...617",0.0405381494198114,0.01105,49.7,91.0488809829495,46.9113719570819
"time...618",0.0410311867905655,0.01116,47.6,89.7193958202083,45.894124169476
"time...619",0.0410497030315343,0.01109,46.6,89.4632980234389,45.8371800276297
"time...620",0.040781239355925,0.01058,49,94.8607650462471,48.7009257151748
"time...621",0.0401243252223617,0.01087,51.9,93.1458612113058,48.2689208830304
"time...622",0.0412540808307296,0.01084,46.8,90.7881123022086,46.3044550297079
"time...623",0.0415484426958418,0.01064,44.9,92.7273087541212,47.1860223244851
"time...624",0.0400592587298077,0.01099,51.8,90.7757662058305,47.1110839992337
"time...625",0.0393537647721261,0.01108,56,92.5649015938741,48.5020315017481
"time...626",0.0404804707925939,0.01074,49.9,93.5160710444297,48.2456786258616
"time...627",0.0404362733619739,0.01102,49.7,91.0425440366352,47.0167882031106
"time...628",0.0412537475455157,0.01084,46.8,90.7880330403963,46.3047601361618
"time...629",0.0416535306223205,0.01067,44.9,92.7648711043688,47.0960090931189
"time...630",0.0416230455725428,0.01066,44.9,92.7539736999573,47.1220736925794
"time...631",0.0404034339012493,0.01101,49.7,91.0405016235445,47.0508819592784
"time...632",0.0402894768446604,0.01094,50.8,90.9531196238741,47.0401385853619
"time...633",0.0404597927744174,0.01088,49.8,91.0440067451324,46.9924025694667
"time...634",0.0395183191598062,0.01097,55,93.1240679932595,48.6870151978889
"time...635",0.0398292594556542,0.01091,52.9,91.6763527132938,47.7470239056506
"time...636",0.040700944111321,0.01085,48.8,91.0479484857682,46.8281750811216
"time...637",0.0385476842219434,0.01102,60.4,93.9546307814414,49.8737453391631
"time...638",0.0394869043451626,0.01096,55,93.1320608111989,48.7269359431442
"time...639",0.0412341261668301,0.01068,46.9,93.3922203657083,47.6537704299615
"time...640",0.0401308851587945,0.0113,51.6,89.6074028916199,46.428277111383
"time...641",0.0392012469543688,0.01102,56,92.6133993891833,48.7017411808974
"time...642",0.0398790452124743,0.01079,53,94.0246550472623,48.9137274378373
"time...643",0.0404274625307809,0.01087,49.8,91.0419965015389,47.025933110101
"time...644",0.0408616248293943,0.01111,47.6,89.6892738017695,46.0535188133819
"time...645",0.0401218418517363,0.01101,51.8,90.7720961680323,47.0414938171141
"time...646",0.0418236134925787,0.01083,43.8,89.5243669889745,45.3820719596645
"time...647",0.0396587128946784,0.01086,54,93.6184075125857,48.8675316643103
"time...648",0.0402960533703533,0.0108,50.9,93.3759109469122,48.285924043098
"time...649",0.041049575419949,0.01109,46.6,89.4632679090449,45.837298351197
"time...650",0.0412021647429037,0.01098,46.7,90.7758027130191,46.3516970973624
"time...651",0.0410864643680948,0.01064,46.9,93.3562302497734,47.7924792278591
"time...652",0.0417737432566729,0.01082,43.8,89.5044856739495,45.4215845312809
"time...653",0.0400257596628791,0.01098,51.8,90.7777323825863,47.1484113081877
"time...654",0.0408028043314418,0.01088,48.8,91.060332376459,46.7271031580843
"time...655",0.0405889264989874,0.01092,49.8,91.0520391175449,46.8590361482996
"time...656",0.0404900580153726,0.01089,49.8,91.0458900115242,46.9610700712022
"time...657",0.0393045306930129,0.01106,56,92.5805529751098,48.5663328052031
"time...658",0.0403294897966461,0.01081,50.9,93.375943359444,48.2491036060987
"time...659",0.0396902561931449,0.01101,53.9,91.3089455677613,47.6270927704663
"time...660",0.0395247164319092,0.01084,55.1,94.2693390467243,49.2784243679185
"time...661",0.0409066562989613,0.01097,47.7,90.9526233187481,46.655001790709
"time...662",0.041200746013444,0.01067,46.9,93.3840838566395,47.6850421422135
"time...663",0.0407963665373999,0.01073,48.9,93.577632084884,48.0258013907838
"time...664",0.0396819303551558,0.01087,54,93.6139792152451,48.838863916849
"time...665",0.0412012406659562,0.01067,46.9,93.3842041476345,47.6845776022731
"time...666",0.0412434341794841,0.01099,46.7,90.785587030643,46.3141307916211
"time...667",0.0407542907113496,0.01072,48.9,93.572402121491,48.0686745692957
"time...668",0.042549017082332,0.01081,40.9,90.0362322352425,45.248539207186
"time...669",0.0390333299255299,0.01062,57.4,95.3243349325054,50.2463709037575
"time...670",0.0393257953979895,0.0112,55.9,90.3728438933326,47.384538267438
"time...671",0.0403240891408226,0.01095,50.8,90.9531907971456,47.0030093655658
"time...672",0.0400446707341755,0.01113,51.7,90.776622504036,47.1273228139143
"time...673",0.0391119422168559,0.01065,57.4,95.293000017668,50.13656555434
"time...674",0.0415404393075842,0.01064,44.9,92.7244482765515,47.1928988627971
"time...675",0.0401314182181562,0.01116,51.7,90.7715335269963,47.0308685351235
"time...676",0.0405282533290363,0.0109,49.8,91.0482648864538,46.9215863481185
"time...677",0.0395744961547937,0.01099,55,93.1097778538402,48.6157843825557
"time...678",0.0401279871300409,0.0113,51.6,89.6075693701953,46.4314486338675
"time...679",0.0415424838556205,0.01064,44.9,92.7251796484813,47.1911446025065
"time...680",0.0401210932122132,0.01101,51.8,90.7721395524056,47.04232860886
"time...681",0.0405444700504411,0.01076,49.9,93.5201023228493,48.1777231699017
"time...682",0.041775236911351,0.01082,43.8,89.5050815945812,45.4204012414439
"time...683",0.0418196748793636,0.01083,43.8,89.5227971933899,45.3851936503985
"time...684",0.0407425311415574,0.01101,48.7,91.0530041708544,46.786850970906
"time...685",0.0410403790284845,0.01078,46.8,90.7374503417364,46.4997013074246
"time...686",0.0403673169766798,0.01082,50.9,93.3759803400898,48.2075140288874
"time...687",0.0394564821994161,0.01095,55,93.1398003265793,48.7656573981641
"time...688",0.0404556579672937,0.01088,49.8,91.0437503627936,46.9966852488496
"time...689",0.0409717112726941,0.01099,47.7,90.9643293035101,46.5929629125717
"time...690",0.0396062621414485,0.01098,53.9,91.3244186359898,47.728318027886
"time...691",0.0406206216888008,0.01068,48.9,93.5557916912551,48.2054629925738
"time...692",0.0379310279248504,0.01094,63.8,95.1471248843634,51.0506373818319
"time...693",0.0407971184084587,0.01073,48.9,93.5777250875653,48.0250346146339
"time...694",0.0411024244488159,0.01095,46.7,90.7521568655068,46.4428027066065
"time...695",0.041861558925569,0.01084,43.8,89.5394971799103,45.3520759164435
"time...696",0.0411683369289525,0.01097,46.7,90.7677824705696,46.3825500410922
"time...697",0.0399360320266209,0.01081,53,94.0174299080183,48.8456520823244
"time...698",0.0416455375073818,0.01051,45,94.138353606576,47.8017220788923
"time...699",0.042090416312162,0.01104,42.7,88.8911270028861,44.9021439591504
"time...700",0.0411575628474638,0.01081,46.8,90.7652282427779,46.392383853918
"time...701",0.04055954254287,0.01091,49.8,91.0502111863357,46.8893055917038
"time...702",0.0406008420079283,0.01082,48.8,91.0357800439803,46.9280116359287
"time...703",0.0413823221723114,0.01081,45.8,90.4667234286088,46.1056872570223
"time...704",0.040423535330663,0.01087,49.8,91.0417516673705,47.0300042414045
"time...705",0.0400784835215672,0.01114,51.7,90.7746392669481,47.0896825172682
"time...706",0.0393200061199755,0.0112,55.9,90.3746282488537,47.3919137779246
"time...707",0.0419575934228131,0.01084,42.8,88.8315666134971,45.0019913007139
"time...708",0.0403002070924934,0.0108,50.9,93.3759150077362,48.2813499500286
"time...709",0.0405126807436077,0.01075,49.9,93.5180990749442,48.2114516471233
"time...710",0.0413179057393392,0.01079,45.8,90.4478666157666,46.1619694311084
"time...711",0.0408920125984859,0.01112,47.6,89.6946712970354,46.0248538431506
"time...712",0.0398494294506659,0.01078,53,94.0284105541255,48.9491828538939
"time...713",0.0401105897951911,0.01115,51.7,90.7727555858798,47.0539894074352
"time...714",0.0396448984648248,0.01113,53.8,91.3173008536596,47.6817052754755
"time...715",0.0396832488879162,0.01087,54,93.6137286087502,48.8372309120805
"time...716",0.0399331753562231,0.01067,53.1,95.2174310126936,49.472356781226
"time...717",0.0406503747727078,0.01069,48.9,93.5594896481466,48.1749433247199
"time...718",0.0401056986357749,0.01115,51.7,90.7730424165497,47.0594250224252
"time...719",0.0406904129203269,0.0107,48.9,93.5644647437111,48.1339272308547
"time...720",0.0411335616877847,0.01096,46.7,90.7595386045616,46.4143152651774
"time...721",0.0395670181460239,0.01059,55.3,96.5943897245381,50.4440188930677
"time...722",0.0410012370523909,0.01115,47.6,89.7140746877984,45.9221822199495
"time...723",0.039507106853113,0.0107,55.2,95.434989804406,49.9082728212104
"time...724",0.0411907207684607,0.01082,46.8,90.7730890223679,46.3621290492065
"time...725",0.0408138236114606,0.0111,47.6,89.6807825239654,46.0986869101139
"time...726",0.0420996994454012,0.01071,42.9,91.6629691344193,46.2929655890587
"time...727",0.0402916070876354,0.01094,50.8,90.953123733014,47.0378404083104
"time...728",0.0400357709120221,0.01127,51.6,89.6128502891613,46.5326760394405
"time...729",0.0395511399113599,0.01085,55.1,94.2625080270401,49.2444810122987
"time...730",0.0390442766612985,0.01075,57.3,95.3199712042968,50.2310523466329
"time...731",0.0412617323490621,0.01109,45.6,89.1347656954609,45.5485965218195
"time...732",0.0407964922005758,0.01073,48.9,93.5776476486113,48.0256725174022
"time...733",0.0402134023551474,0.01106,50.7,90.9529637349269,47.1219459327334
"time...734",0.0422082942295803,0.01056,42,92.2912408253339,46.6103220141191
"time...735",0.040890803049254,0.01112,47.6,89.6944561009701,46.0259951733082
"time...736",0.0402577335375677,0.01093,50.8,90.9530545613776,47.0742379620189
"time...737",0.0405559812305738,0.01091,49.8,91.0499898100866,46.8929766440661
"time...738",0.0408971415069226,0.01112,47.6,89.6955818973669,46.0200177863752
"time...739",0.0406437249273222,0.01069,48.9,93.5586626433377,48.1817608427608
"time...740",0.0408252437385525,0.0111,47.6,89.6828107378117,46.0878876829943
"time...741",0.0420577340146761,0.0107,42.9,91.643522161892,46.3253871812195
"time...742",0.0406645922987033,0.01084,48.8,91.0435298873728,46.8643795654667
"time...743",0.0402616239723302,0.01093,50.8,90.9530626041427,47.0700522885539
"time...744",0.0419626879091587,0.01101,42.7,88.8338507858186,44.9981505579428
"time...745",0.0411074301877672,0.0108,46.8,90.7533436924325,46.4382165425273
"time...746",0.0427769593968696,0.01106,39.8,86.1571207806626,43.1966840852983
"time...747",0.0405270718828944,0.0109,49.8,91.0481920588165,46.9228077719257
"time...748",0.0399761538566144,0.01125,51.6,89.6162641272823,46.59835794674
"time...749",0.0394159861319437,0.0108,55.1,94.2974550206954,49.4185835826126
"time...750",0.04164487897285,0.01051,45,94.1381137178907,47.8022888723272
"time...751",0.0396487818608887,0.01086,54,93.6203011392057,48.8798057410499
"time...752",0.0414089056433063,0.01097,45.7,90.4745063213883,46.0825139264983
"time...753",0.0406303926762329,0.01083,48.8,91.0393725165515,46.8984896209056
"time...754",0.0408015089883833,0.01088,48.8,91.0601745596944,46.7283802623754
"time...755",0.0395627910672264,0.01072,55.2,95.4203590869443,49.8358224592964
"time...756",0.0409538552928733,0.01114,47.6,89.705657795657,45.9666555863369
"time...757",0.0406942272137825,0.0107,48.9,93.5649383993522,48.1300263693397
"time...758",0.0405466121007478,0.01076,49.9,93.520236863338,48.175446536695
"time...759",0.0390140595893426,0.01074,57.3,95.3320176433389,50.273349944707
"time...760",0.0414674338631044,0.01083,45.8,90.4916426247279,46.0315925725717
"time...761",0.0403040938051256,0.01066,51,94.6113976387465,48.9158306970645
"time...762",0.0411411519874182,0.01096,46.7,90.7613381763794,46.4073798770236
"time...763",0.0397049908086089,0.01088,54,93.609583943267,48.810406724398
"time...764",0.0416821357519535,0.01052,45,94.151637615327,47.7700055067146
"time...765",0.0406318942458965,0.01083,48.8,91.0395546881693,46.8969904528124
"time...766",0.0412977324371828,0.01094,45.7,90.4419622506659,46.1796399041892
"time...767",0.0399203349304054,0.01094,52.9,91.6652353948949,47.6408486820159
"time...768",0.040777148325967,0.01102,48.7,91.0572127823113,46.752513424606
"time...769",0.0403970361985432,0.01086,49.8,91.0401036713299,47.0575301015291
"time...770",0.041408464686914,0.01097,45.7,90.4743763873999,46.0828855325914
"time...771",0.0409768326402681,0.01099,47.7,90.9652505648852,46.5880927907303
"time...772",0.0407106798484756,0.01056,49,94.8518991701748,48.7739195292799
"time...773",0.040915304453935,0.01113,47.6,89.6988091650076,46.0029112586592
"time...774",0.0406413851464094,0.01098,48.7,91.0407090251641,46.8875172788026
"time...775",0.0390666749155781,0.01076,57.3,95.3110414872305,50.1997416906774
"time...776",0.0399777642373859,0.01125,51.6,89.6161721254684,46.5965767210737
"time...777",0.040137571217264,0.01116,51.7,90.7711723038584,47.024042405571
"time...778",0.0412098788313459,0.01098,46.7,90.7776313842159,46.3446738044943
"time...779",0.0413551307200848,0.0108,45.8,90.4587639574555,46.1294239977595
"time...780",0.0402886851042684,0.01094,50.8,90.9531185077233,47.0409845314636
"time...781",0.0407859784009833,0.01073,48.9,93.5763402684206,48.0363768380191
"time...782",0.039959881768544,0.01068,53.1,95.2139808594794,49.4401006962805
"time...783",0.0387242164260292,0.01076,59.5,95.9228698556675,50.778782795778
"time...784",0.0419592992081955,0.01101,42.7,88.8323316628827,45.0007088809387
"time...785",0.0421187544760487,0.01088,42.8,88.9038387280134,44.8809258080254
"time...786",0.0407611968371197,0.01072,48.9,93.5732611037076,48.0616287505443
"time...787",0.0392227415561796,0.01103,56,92.6065620452944,48.6735090453829
"time...788",0.0411569472911076,0.01081,46.8,90.765081823699,46.3929432264933
"time...789",0.0407637829157934,0.01072,48.9,93.5735819413832,48.0589914300703
"time...790",0.0393336879641546,0.01107,56,92.5712832865106,48.5282353320997
"time...791",0.0395587820157183,0.01085,55.1,94.2605324151038,49.2346700893278
"time...792",0.0389576105415413,0.01078,58.4,95.6356623170013,50.42260016069
"time...793",0.0405688863366801,0.01106,49.7,91.0507929350194,46.8796783731093
"time...794",0.0398833208658868,0.01079,53,94.0241143447749,48.9086114836492
"time...795",0.0404554677148845,0.01088,49.8,91.0437383182445,46.9968884372182
"time...796",0.0406600042309461,0.01069,48.9,93.560686174174,48.1650711394192
"time...797",0.0407027890044369,0.01085,48.8,91.0481729025207,46.8263402234772
"time...798",0.040658680791387,0.01069,48.9,93.5605211868567,48.1664251176135
"time...799",0.0419661436848851,0.01101,42.7,88.835400790827,44.9955481236205
"time...800",0.0406326562614729,0.01083,48.8,91.0396476852234,46.896230392699
"time...801",0.039799764014766,0.0109,52.9,91.6799534579804,47.7815131094368
"time...802",0.0407151521925198,0.01071,48.9,93.5675388029209,48.1086353564924
"time...803",0.0413922700624763,0.01081,45.8,90.4696356363027,46.0970069671299
"time...804",0.0402874136602219,0.01094,50.8,90.953115677947,47.0423468519416
"time...805",0.0404108743200848,0.01101,49.7,91.0409646663169,47.0431498976451
"time...806",0.0396064468914115,0.01098,53.9,91.3243839070769,47.7280977273689
"time...807",0.0393299212803095,0.01107,56,92.5724807468177,48.5331536327345
"time...808",0.041959544678219,0.01101,42.7,88.8324422732657,45.0005244849158
"time...809",0.0409826217829343,0.01084,47.8,90.9662925585013,46.5825823193531
"time...810",0.0401663618892985,0.01117,51.7,90.7694830812252,46.9921296223012
"time...811",0.0415924485289909,0.01081,44.8,90.0510017122261,45.779703425153
"time...812",0.0416127059408809,0.0105,45,94.126436626059,47.8302217129122
"time...813",0.0386302882401161,0.01093,60.5,94.9674167685163,50.3116032320945
"time...814",0.0393593369559942,0.01108,56,92.5631290859215,48.4947676100101
"time...815",0.0407474930953523,0.01057,49,94.856525474974,48.7358054729708
"time...816",0.0411708932506124,0.01097,46.7,90.7683886171734,46.3802182769594
"time...817",0.0405233892302613,0.0109,49.8,91.0479631856109,46.9266144838939
"time...818",0.037996581614163,0.01085,63.9,96.1176185640766,51.4888550575609
"time...819",0.0402325067257895,0.01078,50.9,93.3758485744573,48.3560757908164
"time...820",0.0399575382637978,0.01068,53.1,95.2142832432684,49.4429346940643
"time...821",0.0400722417909036,0.01114,51.7,90.7750052075738,47.0966261148775
"time...822",0.0423138831480233,0.01075,41.9,90.9126786081944,45.8093609653006
"time...823",0.0410243892324914,0.01116,47.6,89.7181881762253,45.9004946484302
"time...824",0.0405959671366028,0.01092,49.8,91.0524776591576,46.8517846081973
"time...825",0.0405426302477203,0.01105,49.7,91.0491599172417,46.9067468699127
"time...826",0.04066971623649,0.01084,48.8,91.0441521007744,46.8592699991891
"time...827",0.0407022836755706,0.01085,48.8,91.0481122145897,46.8268452930907
"time...828",0.0408822218260726,0.01112,47.6,89.6929320693705,46.0340855814279
"time...829",0.0401105455254295,0.01115,51.7,90.7727578044828,47.0540415511451
"time...830",0.0416007414516299,0.0105,45,94.1220941714631,47.8406139585467
"time...831",0.0380634206378431,0.01088,63.9,96.0617502788466,51.3751475154993
"time...832",0.0398253136436529,0.01077,53,94.0314688002001,48.9780885001149
"time...833",0.0433034593160664,0.01091,38,88.063749112538,43.8937206759176
"time...834",0.0412853780946139,0.01078,45.8,90.4383460495097,46.1904617751841
"time...835",0.0398562632686741,0.01078,53,94.0275436547484,48.9409982432921
"time...836",0.0401484193450574,0.01102,51.8,90.7705362857368,47.0120141308365
"time...837",0.0404225784537806,0.01087,49.8,91.041692297401,47.0309989820175
"time...838",0.0405692737408796,0.01106,49.7,91.0508173701777,46.8792758456775
"time...839",0.0416502719651136,0.01051,45,94.1400712080914,47.7976108017044
"time...840",0.0415820494458198,0.01065,44.9,92.7393188210551,47.1571782399741
"time...841",0.0397305757304162,0.01116,53.8,91.3015181443414,47.5786614359226
"time...842",0.0398282951287065,0.01091,52.9,91.6764703472242,47.7481486823706
"time...843",0.0400955485263014,0.01086,51.9,93.1476327231519,48.301738046254
"time...844",0.0410832627291919,0.01079,46.8,90.7476146889109,46.4603535464431
"time...845",0.0408743445008652,0.01096,47.7,90.9468106296234,46.6858912780809
"time...846",0.0411594764000003,0.01066,46.9,93.3740254747717,47.7237689921287
"time...847",0.0413656754589445,0.01096,45.7,90.4618502947041,46.1202132998059
"time...848",0.0432073459046025,0.0112,38.8,85.0925012785495,42.3849884882733
"time...849",0.0411197474125116,0.0108,46.8,90.7562639080955,46.4269457236321
"time...850",0.0411873856808038,0.01082,46.8,90.7722984098649,46.3651679317504
"time...851",0.0398095021681049,0.01063,53.1,95.2334116436124,49.622303887352
"time...852",0.0399450027519745,0.01081,53,94.0162933080912,48.8349505600076
"time...853",0.0403343445309564,0.01081,50.9,93.375948646354,48.2437589886644
"time...854",0.0410145413594177,0.011,47.7,90.9720367640739,46.5522343906712
"time...855",0.0396082534066928,0.01098,53.9,91.3240510947003,47.7259154498269
"time...856",0.040264179516918,0.01079,50.9,93.3758795276256,48.3210846987284
"time...857",0.0388470997580822,0.01099,58.2,93.4875026120637,49.4196226712181
"time...858",0.0417217108824676,0.01097,43.7,89.4837461881095,45.4629128693671
"time...859",0.0407159629823096,0.01071,48.9,93.5676401820798,48.1078091301469
"time...860",0.0409396753951772,0.01098,47.7,90.9585646258807,46.623487854724
"time...861",0.040275280385028,0.01108,50.7,90.9530905199967,47.0553764499137
"time...862",0.0396234044936107,0.01085,54,93.6251397478125,48.911203008954
"time...863",0.0411583399413541,0.01066,46.9,93.3737479969795,47.7248393726155
"time...864",0.0396327096502352,0.01099,53.9,91.3195456251549,47.6963979954991
"time...865",0.041371688069186,0.01096,45.7,90.4636108009319,46.1149641823044
"time...866",0.0389482616815567,0.0109,58.3,94.5342817708618,49.85297483811
"time...867",0.0397128757039221,0.01088,54,93.6080808544253,48.80068967141
"time...868",0.0398477888349716,0.01078,53,94.0286182990636,48.9511440082114
"time...869",0.041069185269453,0.01094,46.7,90.7442778524878,46.4732602202536
"time...870",0.0414476917553095,0.01098,45.7,90.4858629825502,46.0487552357535
"time...871",0.0421571898076064,0.01089,42.8,88.9210818797192,44.8521963745076
"time...872",0.041353800393184,0.0108,45.8,90.4583733934811,46.13058254025
"time...873",0.040688080887161,0.0107,48.9,93.5641750935775,48.1363191773621
"time...874",0.041538344933293,0.01064,44.9,92.7236995723017,47.1946939649107
"time...875",0.0394130864490551,0.0108,55.1,94.2982047559028,49.4223322180615
"time...876",0.0409249046345858,0.01113,47.6,89.7005143378814,45.9938761290428
"time...877",0.0401537700781584,0.01102,51.8,90.7702221528563,47.006081276908
"time...878",0.0411901370058808,0.01082,46.8,90.7729509291895,46.3626579972297
"time...879",0.0410685776396217,0.01094,46.7,90.7441341544375,46.4738205665835
"time...880",0.0407963053064744,0.01073,48.9,93.5776243960837,48.0258647460787
"time...881",0.0409985095802817,0.01115,47.6,89.7135906592364,45.9247431168032
"time...882",0.0418552884675674,0.01084,43.8,89.536997576391,45.3570316680349
"time...883",0.0406606171381795,0.01069,48.9,93.5607622539018,48.1644448512248
"time...884",0.039652870558687,0.01086,54,93.6195201600762,48.8747546172157
"time...885",0.0393834589725008,0.01079,55.1,94.3058675622656,49.4606572952513
"time...886",0.0408219867942191,0.0111,47.6,89.682231761738,46.090969641286
"time...887",0.0414303334553264,0.01082,45.8,90.4807796053298,46.0638523391729
"time...888",0.0409801731150666,0.01084,47.8,90.9658515910944,46.5849081386636
"time...889",0.0409916044369383,0.01115,47.6,89.712363949008,45.9312195730826
"time...890",0.041349267881206,0.0108,45.8,90.4570470323678,46.134543746391
"time...891",0.0406656891284355,0.01084,48.8,91.0436635935549,46.863284509122
"time...892",0.0405532368983114,0.01091,49.8,91.0498194043738,46.8958097335283
"time...893",0.0399696375477769,0.01082,53,94.0131701640287,48.8056002975739
"time...894",0.0408248745729899,0.0111,47.6,89.6827450544951,46.0882354651704
"time...895",0.0401842405858655,0.01105,50.7,90.9529032065753,47.1533898119227
"time...896",0.040407745798988,0.01101,49.7,91.0407700141145,47.0464018250572
"time...897",0.039894081081373,0.01093,52.9,91.6684399164129,47.6714043089036
"time...898",0.0421901225350226,0.01073,42.9,91.7048828508861,46.2233404980577
"time...899",0.0396394992578953,0.01099,53.9,91.3182955769304,47.6882112473613
"time...900",0.0402969063552954,0.0108,50.9,93.3759110673821,48.2849869813346
"time...901",0.0417906344013807,0.01066,43.9,92.2415951345443,46.7932927109656
"time...902",0.0387037436656134,0.011,59.3,93.7644113591465,49.6604446990121
"time...903",0.0398223543874194,0.01077,53,94.0318437546754,48.9816410102739
"time...904",0.039392638436329,0.01066,55.2,95.4650733550674,50.057860857615
"time...905",0.0406398732910548,0.01098,48.7,91.0405246067418,46.8890265670913
"time...906",0.0412096739145304,0.01098,46.7,90.7775823156256,46.344853041584
"time...907",0.0401736225651814,0.01117,51.7,90.7690580599545,46.9840895020743
"time...908",0.0386137912234078,0.0108,60.6,96.0518226806849,50.9062099466735
"time...909",0.0411833835890821,0.01082,46.8,90.7713492950462,46.3688136172887
"time...910",0.039888863497182,0.01093,52.9,91.6690767877997,47.6774864839606
"time...911",0.0397685827353626,0.0109,54,93.5974621827066,48.7321296007115
"time...912",0.0386984617928739,0.01075,59.5,95.9368456131547,50.8174462897078
"time...913",0.0414357665356533,0.01082,45.8,90.4823705672678,46.0591256311183
"time...914",0.0399529708551185,0.01095,52.9,91.6612518402108,47.6029259320222
"time...915",0.0398989704377037,0.01066,53.1,95.2218506274927,49.5137347916719
"time...916",0.0391756639424348,0.0108,57.3,95.2676081913983,50.0478813261281
"time...917",0.040867908692829,0.01096,47.7,90.945651639703,46.6920432230472
"time...918",0.0405087280932604,0.01104,49.7,91.0470511928715,46.9417649095952
"time...919",0.0418708788375004,0.01068,43.9,92.2746163554576,46.7279031916336
"time...920",0.0390857651669438,0.01064,57.4,95.3034329564465,50.1730780504439
"time...921",0.0419882478919765,0.01085,42.8,88.8453092226309,44.9788861547759
"time...922",0.0378443041469296,0.01114,64.8,93.9437104108379,50.4442112985803
"time...923",0.0417743745866292,0.01082,43.8,89.5047381640349,45.4210902016279
"time...924",0.0391858763391537,0.01106,57.1,93.0366772619052,48.8641233556048
"time...925",0.0411286900788913,0.01096,46.7,90.7583829251274,46.4187655071315
"time...926",0.0402875794230655,0.01094,50.8,90.9531153476902,47.0421707230997
"time...927",0.042002516678286,0.01102,42.7,88.8517078551328,44.968149426139
"time...928",0.0415358322133309,0.01064,44.9,92.7228028905334,47.1968634173264
"time...929",0.0396640496337476,0.011,53.9,91.3137719503057,47.6586361690833
"time...930",0.042090031086428,0.01104,42.7,88.8909539873817,44.9024332088599
"time...931",0.0396976174440713,0.01101,53.9,91.307589350328,47.6182434583701
"time...932",0.0419334247433741,0.01086,43.8,89.568158084902,45.2954161570432
"time...933",0.0395340990079272,0.01071,55.2,95.4278965888042,49.8731326012807
"time...934",0.0421556554391712,0.01089,42.8,88.9203939260918,44.8533425149013
"time...935",0.0398292915017221,0.01091,52.9,91.6763491402771,47.7469854787394
"time...936",0.0402359973370875,0.01078,50.9,93.3758526365848,48.3522174897715
"time...937",0.0403547493849301,0.01096,50.8,90.9532540045085,46.9701796505482
"time...938",0.0407238638205837,0.01071,48.9,93.5686215930404,48.0997335710238
"time...939",0.0409767681368449,0.01099,47.7,90.9652387004134,46.5881496912513
"time...940",0.0402012324722147,0.01077,50.9,93.3758177827498,48.3906872850533
"time...941",0.0388361056169234,0.01086,58.3,94.586262042344,50.0135425687818
"time...942",0.0398429317896607,0.01064,53.1,95.2290914634674,49.5816846728121
"time...943",0.0424063212069313,0.01077,41.9,90.9600884454175,45.7419377599747
"time...944",0.0409600776354286,0.01114,47.6,89.706762131031,45.9608059753199
"time...945",0.0398598906286443,0.01092,52.9,91.6726133067862,47.7112632198593
"time...946",0.0413281701371488,0.01095,45.7,90.4508705268877,46.1529854523766
"time...947",0.0407151629477332,0.01071,48.9,93.5675408281475,48.1086207211885
"time...948",0.0397140114095149,0.01088,54,93.6078649936196,48.7992918752976
"time...949",0.0400724148455493,0.01114,51.7,90.7749949611053,47.0964334794401
"time...950",0.0429912386667138,0.01097,38.9,87.8378561888479,43.9528836685966
"time...951",0.0410948829535757,0.01095,46.7,90.7503700497637,46.4497093818195
"time...952",0.04067537146309,0.01099,48.7,91.0448404296739,46.8536410636473
"time...953",0.0420738468749935,0.01087,42.8,88.8836944088971,44.9145625785638
"time...954",0.0402743890953674,0.01108,50.7,90.9530887244399,47.0563352174745
"time...955",0.0397978921423206,0.0109,52.9,91.680182720296,47.7836983701469
"time...956",0.0406162884477938,0.01068,48.9,93.5552532925843,48.2099223255934
"time...957",0.0409565375102437,0.01114,47.6,89.7061339928442,45.964138604554
"time...958",0.0407853005608542,0.01073,48.9,93.576256475674,48.0370705659089
"time...959",0.0396923133110447,0.01101,53.9,91.3085664246673,47.6246230371957
"time...960",0.04208209438545,0.01087,42.8,88.8873938992287,44.9083799970819
"time...961",0.0409151712476412,0.01113,47.6,89.698785701473,46.0030401940024
"time...962",0.0400999883309076,0.01129,51.6,89.6091729444826,46.4621366528584
"time...963",0.0397490470963628,0.01103,53.9,91.2981161088132,47.5565010240524
"time...964",0.0406413667194469,0.01098,48.7,91.0407065197679,46.887540674715
"time...965",0.0404985881369754,0.01089,49.8,91.0464206006572,46.9522429487402
"time...966",0.0405833596883439,0.01092,49.8,91.0516933972738,46.8647616643995
"time...967",0.0421709905272985,0.01106,42.7,88.9272742235656,44.8418955645339
"time...968",0.0400985361813911,0.01129,51.6,89.6092561312282,46.4637257221112
"time...969",0.0402410349496196,0.01064,51,94.6113713721265,48.9863520836744
"time...970",0.0398445716244975,0.01078,53,94.0290271304877,48.9549967856439
"time...971",0.0391822268639872,0.01093,57.2,94.1449572169433,49.4504583894669
"time...972",0.0420742951053999,0.01087,42.8,88.8838952289744,44.914222005777
"time...973",0.0404380522816848,0.01102,49.7,91.0426546783767,47.014938767427
"time...974",0.0408067126585979,0.01088,48.8,91.0608067592746,46.7232364031852
"time...975",0.0415910235102373,0.01081,44.8,90.0505081745445,45.7808946655401
"time...976",0.0406294148260282,0.01083,48.8,91.0392530540097,46.899471252437
"time...977",0.0393044793445107,0.01106,56,92.5805695457953,48.5664007658339
"time...978",0.0388080782607058,0.01067,59.6,96.9801146855929,51.235843968384
"time...979",0.0405106883114253,0.01075,49.9,93.5179739590311,48.2135673008031
"time...980",0.0407552533788438,0.01072,48.9,93.5725220942948,48.0676915136445
"time...981",0.0395295698575891,0.01084,55.1,94.2680842362828,49.2721829559971
"time...982",0.0409917105250729,0.01115,47.6,89.7123824598369,45.9311181126719
"time...983",0.0408328645524943,0.01095,47.7,90.9393469898706,46.7256112070521
"time...984",0.0407931561360284,0.01073,48.9,93.5772326154589,48.0290697290678
"time...985",0.0399903813642566,0.01111,51.7,90.7798073601463,47.1879093417623
"time...986",0.0401987563880511,0.01091,50.8,90.9529333256258,47.1377328569747
"time...987",0.0413539316419616,0.0108,45.8,90.4584125160434,46.1304716263448
"time...988",0.0400030583080201,0.01083,51.9,93.1533265022178,48.4075438591779
"time...989",0.0411096494778068,0.0108,46.8,90.7538695281015,46.4361895628415
"time...990",0.0417730551896348,0.01082,43.8,89.5042117956458,45.422132327453
"time...991",0.0406735074490622,0.01099,48.7,91.0446132587555,46.8554960993001
"time...992",0.0410411324816162,0.01078,46.8,90.7376287406702,46.4990122415432
"time...993",0.0391140706651523,0.01065,57.4,95.2921506777193,50.1335993042346
"time...994",0.0393434302271593,0.01081,56.2,94.8225609167432,49.6970431428816
"time...995",0.0405227287246708,0.0109,49.8,91.0479213283575,46.9272967835599
"time...996",0.0408999058525544,0.01097,47.7,90.9514089730524,46.6614500864149
"time...997",0.0398223014964459,0.01077,53,94.0318505347149,48.9817018043978
"time...998",0.0417414391077752,0.01081,43.8,89.4916098826707,45.4472363083212
"time...999",0.0398751440115644,0.01079,53,94.0251503687078,48.9183923501263
"time...1000",0.038764937833438,0.0109,59.4,94.8102545488755,50.1410331108912
